Season,MatchDate,HomeTeam,AwayTeam,FullTimeHomeGoals,FullTimeAwayGoals,FullTimeResult,HalfTimeHomeGoals,HalfTimeAwayGoals,HalfTimeResult,HomeShots,AwayShots,HomeShotsOnTarget,AwayShotsOnTarget,HomeCorners,AwayCorners,HomeFouls,AwayFouls,HomeYellowCards,AwayYellowCards,HomeRedCards,AwayRedCards
2023/24,8/11/2023,Burnley,Man City,0,3,A,0,2,A,6,17,1,8,6,5,11,8,0,0,1,0
2023/24,8/12/2023,Arsenal,Nott'm Forest,2,1,H,2,0,H,15,6,7,2,8,3,12,12,2,2,0,0
2023/24,8/12/2023,Bournemouth,West Ham,1,1,D,0,0,D,14,16,5,3,10,4,9,14,1,4,0,0
2023/24,8/12/2023,Brighton,Luton,4,1,H,1,0,H,27,9,12,3,6,7,11,12,2,2,0,0
2023/24,8/12/2023,Everton,Fulham,0,1,A,0,0,D,19,9,9,2,10,4,12,6,0,2,0,0
2023/24,8/12/2023,Sheffield United,Crystal Palace,0,1,A,0,0,D,8,24,1,8,5,5,18,11,3,0,0,0
2023/24,8/12/2023,Newcastle,Aston Villa,5,1,H,2,1,H,17,16,13,6,6,5,12,17,4,4,0,0
2023/24,8/13/2023,Brentford,Tottenham,2,2,D,2,2,D,11,18,6,6,3,6,12,13,1,4,0,0
2023/24,8/13/2023,Chelsea,Liverpool,1,1,D,1,1,D,10,13,4,1,4,4,5,12,3,3,0,0
2023/24,8/14/2023,Man United,Wolves,1,0,H,0,0,D,15,23,3,6,8,7,14,10,2,3,0,0
2023/24,8/18/2023,Nott'm Forest,Sheffield United,2,1,H,1,0,H,16,7,4,3,6,7,5,9,2,3,0,0
2023/24,8/19/2023,Fulham,Brentford,0,3,A,0,1,A,10,17,2,8,5,5,13,12,2,2,1,0
2023/24,8/19/2023,Liverpool,Bournemouth,3,1,H,2,1,H,26,13,10,5,10,2,11,13,1,3,1,0
2023/24,8/19/2023,Wolves,Brighton,1,4,A,0,1,A,16,16,5,8,5,3,14,11,3,6,1,0
2023/24,8/19/2023,Tottenham,Man United,2,0,H,0,0,D,17,22,6,6,5,6,9,8,1,3,0,0
2023/24,8/19/2023,Man City,Newcastle,1,0,H,1,0,H,14,7,4,1,3,0,12,11,1,5,0,0
2023/24,8/20/2023,Aston Villa,Everton,4,0,H,2,0,H,13,9,7,2,7,6,8,12,3,4,0,0
2023/24,8/20/2023,West Ham,Chelsea,3,1,H,1,1,D,12,17,6,4,3,9,12,9,2,3,1,0
2023/24,8/21/2023,Crystal Palace,Arsenal,0,1,A,0,0,D,14,14,2,3,1,8,14,10,2,1,0,1
2023/24,8/25/2023,Chelsea,Luton,3,0,H,1,0,H,19,11,8,1,6,4,15,12,2,3,0,0
2023/24,8/26/2023,Bournemouth,Tottenham,0,2,A,0,1,A,11,17,3,6,6,2,18,11,1,3,0,0
2023/24,8/26/2023,Arsenal,Fulham,2,2,D,0,1,A,19,8,11,3,8,3,6,5,0,3,0,1
2023/24,8/26/2023,Brentford,Crystal Palace,1,1,D,1,0,H,12,15,1,5,8,6,9,15,0,0,0,0
2023/24,8/26/2023,Everton,Wolves,0,1,A,0,0,D,15,11,7,2,7,0,10,14,3,4,0,0
2023/24,8/26/2023,Man United,Nott'm Forest,3,2,H,1,2,A,18,9,9,4,11,3,13,11,4,4,0,1
2023/24,8/26/2023,Brighton,West Ham,1,3,A,0,1,A,25,12,10,3,17,4,10,9,1,3,0,0
2023/24,8/27/2023,Burnley,Aston Villa,1,3,A,0,2,A,9,16,2,6,4,6,12,11,2,0,0,0
2023/24,8/27/2023,Sheffield United,Man City,1,2,A,0,0,D,6,30,2,9,1,12,11,2,3,0,0,0
2023/24,8/27/2023,Newcastle,Liverpool,1,2,A,1,0,H,23,9,8,4,5,9,16,10,1,2,0,1
2023/24,9/1/2023,Luton,West Ham,1,2,A,0,1,A,16,9,1,3,9,6,8,13,1,1,0,0
2023/24,9/2/2023,Sheffield United,Everton,2,2,D,2,1,H,13,16,8,6,4,6,11,13,1,2,0,0
2023/24,9/2/2023,Brentford,Bournemouth,2,2,D,1,1,D,21,12,7,5,5,2,6,13,1,2,0,0
2023/24,9/2/2023,Burnley,Tottenham,2,5,A,1,2,A,16,20,4,10,7,4,15,9,4,3,0,0
2023/24,9/2/2023,Chelsea,Nott'm Forest,0,1,A,0,0,D,21,7,2,3,8,0,10,9,3,4,0,0
2023/24,9/2/2023,Man City,Fulham,5,1,H,2,1,H,7,6,5,4,4,5,12,12,2,4,0,0
2023/24,9/2/2023,Brighton,Newcastle,3,1,H,1,0,H,15,9,6,2,5,3,14,17,4,4,0,0
2023/24,9/3/2023,Crystal Palace,Wolves,3,2,H,0,0,D,16,12,11,4,4,2,12,12,1,3,0,0
2023/24,9/3/2023,Liverpool,Aston Villa,3,0,H,2,0,H,17,9,4,3,7,3,12,7,0,1,0,0
2023/24,9/3/2023,Arsenal,Man United,3,1,H,1,1,D,17,10,5,2,12,3,8,7,2,3,0,0
2023/24,9/16/2023,Wolves,Liverpool,1,3,A,1,0,H,11,16,2,6,4,4,10,4,1,3,0,0
2023/24,9/16/2023,Aston Villa,Crystal Palace,3,1,H,0,0,D,16,6,5,3,4,2,13,9,5,3,0,0
2023/24,9/16/2023,Fulham,Luton,1,0,H,0,0,D,13,7,2,2,6,2,6,14,2,2,0,0
2023/24,9/16/2023,Man United,Brighton,1,3,A,0,1,A,14,10,4,8,8,1,8,9,2,2,0,0
2023/24,9/16/2023,Tottenham,Sheffield United,2,1,H,0,0,D,28,7,10,5,15,2,13,14,6,5,0,1
2023/24,9/16/2023,West Ham,Man City,1,3,A,1,0,H,6,29,3,15,4,11,7,11,3,2,0,0
2023/24,9/16/2023,Newcastle,Brentford,1,0,H,0,0,D,9,11,2,2,8,3,8,12,3,5,0,0
2023/24,9/17/2023,Bournemouth,Chelsea,0,0,D,0,0,D,13,14,4,6,1,7,15,20,1,5,0,0
2023/24,9/17/2023,Everton,Arsenal,0,1,A,0,0,D,8,13,1,4,1,11,12,10,1,1,0,0
2023/24,9/18/2023,Nott'm Forest,Burnley,1,1,D,0,1,A,14,10,4,3,5,4,16,10,2,3,0,1
2023/24,9/23/2023,Crystal Palace,Fulham,0,0,D,0,0,D,7,10,3,5,3,2,10,15,3,2,0,0
2023/24,9/23/2023,Luton,Wolves,1,1,D,0,0,D,20,3,4,3,10,1,12,17,0,2,0,1
2023/24,9/23/2023,Man City,Nott'm Forest,2,0,H,2,0,H,7,10,4,3,6,6,5,17,3,7,1,0
2023/24,9/23/2023,Brentford,Everton,1,3,A,1,1,D,12,18,2,6,1,4,9,12,2,2,0,0
2023/24,9/23/2023,Burnley,Man United,0,1,A,0,1,A,12,11,4,4,9,5,6,12,1,2,0,0
2023/24,9/24/2023,Arsenal,Tottenham,2,2,D,1,1,D,13,13,6,5,11,4,12,19,3,4,0,0
2023/24,9/24/2023,Brighton,Bournemouth,3,1,H,1,1,D,13,12,4,4,4,4,12,17,3,3,0,0
2023/24,9/24/2023,Chelsea,Aston Villa,0,1,A,0,0,D,10,15,4,7,5,11,9,11,2,3,0,0
2023/24,9/24/2023,Liverpool,West Ham,3,1,H,1,1,D,22,11,7,4,7,4,12,13,0,2,0,0
2023/24,9/24/2023,Sheffield United,Newcastle,0,8,A,0,3,A,9,22,1,15,2,6,12,8,3,0,0,0
2023/24,9/30/2023,Aston Villa,Brighton,6,1,H,3,0,H,19,11,9,3,1,3,19,21,4,4,0,0
2023/24,9/30/2023,Bournemouth,Arsenal,0,4,A,0,2,A,8,15,1,8,6,6,11,10,0,1,0,0
2023/24,9/30/2023,Everton,Luton,1,2,A,1,2,A,23,9,5,2,3,6,8,10,0,1,0,0
2023/24,9/30/2023,Man United,Crystal Palace,0,1,A,0,1,A,19,8,4,2,10,4,10,8,3,2,0,0
2023/24,9/30/2023,Newcastle,Burnley,2,0,H,1,0,H,20,8,8,2,5,3,7,15,1,3,0,0
2023/24,9/30/2023,West Ham,Sheffield United,2,0,H,2,0,H,20,16,9,2,7,4,6,9,1,1,0,0
2023/24,9/30/2023,Wolves,Man City,2,1,H,1,0,H,3,23,1,8,0,6,18,12,5,4,0,0
2023/24,9/30/2023,Tottenham,Liverpool,2,1,H,1,1,D,24,12,8,4,12,5,11,17,5,4,0,2
2023/24,10/1/2023,Nott'm Forest,Brentford,1,1,D,0,0,D,6,18,1,5,1,11,6,10,1,2,1,0
2023/24,10/2/2023,Fulham,Chelsea,0,2,A,0,2,A,10,11,3,4,8,1,15,12,1,4,0,0
2023/24,10/3/2023,Luton,Burnley,1,2,A,0,1,A,18,14,3,4,7,6,14,6,4,2,0,0
2023/24,10/7/2023,Luton,Tottenham,0,1,A,0,0,D,12,15,2,4,5,6,16,7,2,1,0,1
2023/24,10/7/2023,Burnley,Chelsea,1,4,A,1,1,D,10,9,3,5,7,3,11,8,2,4,0,0
2023/24,10/7/2023,Everton,Bournemouth,3,0,H,2,0,H,25,11,8,4,8,7,14,15,1,2,0,0
2023/24,10/7/2023,Fulham,Sheffield United,3,1,H,0,0,D,20,5,6,2,9,4,8,10,1,2,0,0
2023/24,10/7/2023,Man United,Brentford,2,1,H,0,1,A,21,11,8,3,7,5,10,17,0,5,0,0
2023/24,10/7/2023,Crystal Palace,Nott'm Forest,0,0,D,0,0,D,8,16,2,5,3,7,7,12,0,1,0,0
2023/24,10/8/2023,Brighton,Liverpool,2,2,D,1,2,A,14,14,3,4,8,1,12,20,1,2,0,0
2023/24,10/8/2023,West Ham,Newcastle,2,2,D,1,0,H,5,10,3,3,4,2,11,18,3,3,0,0
2023/24,10/8/2023,Wolves,Aston Villa,1,1,D,0,0,D,8,18,3,4,2,10,19,9,2,2,1,0
2023/24,10/8/2023,Arsenal,Man City,1,0,H,0,0,D,12,4,2,1,5,4,8,7,2,3,0,0
2023/24,10/21/2023,Liverpool,Everton,2,0,H,0,0,D,26,6,6,1,12,4,9,9,1,1,0,1
2023/24,10/21/2023,Bournemouth,Wolves,1,2,A,1,0,H,7,20,4,7,3,12,15,10,2,6,1,0
2023/24,10/21/2023,Brentford,Burnley,3,0,H,1,0,H,23,6,10,1,5,5,14,12,5,2,0,1
2023/24,10/21/2023,Man City,Brighton,2,1,H,2,0,H,10,5,6,3,2,2,9,11,2,2,1,0
2023/24,10/21/2023,Newcastle,Crystal Palace,4,0,H,3,0,H,10,17,7,3,6,8,7,12,2,3,0,0
2023/24,10/21/2023,Nott'm Forest,Luton,2,2,D,0,0,D,19,13,8,4,4,2,12,11,3,0,0,0
2023/24,10/21/2023,Chelsea,Arsenal,2,2,D,1,0,H,11,13,5,3,2,7,7,14,3,3,0,0
2023/24,10/21/2023,Sheffield United,Man United,1,2,A,1,1,D,12,14,6,5,5,4,12,10,3,1,0,0
2023/24,10/22/2023,Aston Villa,West Ham,4,1,H,1,0,H,15,14,7,4,8,7,9,15,0,1,0,0
2023/24,10/23/2023,Tottenham,Fulham,2,0,H,1,0,H,15,10,5,3,3,5,10,14,2,0,0,0
2023/24,10/27/2023,Crystal Palace,Tottenham,1,2,A,0,0,D,13,10,3,1,11,2,19,11,2,1,0,0
2023/24,10/28/2023,Chelsea,Brentford,0,2,A,0,0,D,17,7,2,5,10,1,12,7,1,4,0,0
2023/24,10/28/2023,Arsenal,Sheffield United,5,0,H,1,0,H,13,2,8,0,6,1,9,13,0,3,0,0
2023/24,10/28/2023,Bournemouth,Burnley,2,1,H,1,1,D,13,6,6,3,10,5,9,12,2,3,0,0
2023/24,10/28/2023,Wolves,Newcastle,2,2,D,1,2,A,11,13,6,5,8,7,13,15,1,4,0,0
2023/24,10/29/2023,West Ham,Everton,0,1,A,0,0,D,12,10,2,4,4,3,7,11,4,1,0,0
2023/24,10/29/2023,Aston Villa,Luton,3,1,H,1,0,H,17,7,6,1,6,4,11,10,3,2,0,0
2023/24,10/29/2023,Brighton,Fulham,1,1,D,1,0,H,18,10,7,5,7,3,12,8,0,3,0,0
2023/24,10/29/2023,Liverpool,Nott'm Forest,3,0,H,2,0,H,21,9,8,1,8,3,9,13,2,3,0,0
2023/24,10/29/2023,Man United,Man City,0,3,A,0,1,A,7,21,3,10,7,12,9,4,4,1,0,0
2023/24,11/4/2023,Fulham,Man United,0,1,A,0,0,D,18,12,3,5,9,4,9,15,5,2,0,0
2023/24,11/4/2023,Brentford,West Ham,3,2,H,1,2,A,16,12,4,2,4,3,12,14,1,4,0,0
2023/24,11/4/2023,Burnley,Crystal Palace,0,2,A,0,1,A,17,4,5,3,12,1,9,12,0,5,0,0
2023/24,11/4/2023,Everton,Brighton,1,1,D,1,0,H,10,7,4,2,3,3,15,5,4,2,0,0
2023/24,11/4/2023,Man City,Bournemouth,6,1,H,3,0,H,21,5,8,1,12,1,8,9,0,1,0,0
2023/24,11/4/2023,Sheffield United,Wolves,2,1,H,0,0,D,11,10,2,3,4,4,13,10,2,3,0,0
2023/24,11/4/2023,Newcastle,Arsenal,1,0,H,0,0,D,9,14,2,1,0,11,14,9,5,1,0,0
2023/24,11/5/2023,Nott'm Forest,Aston Villa,2,0,H,1,0,H,5,13,3,3,0,10,6,9,1,1,0,0
2023/24,11/5/2023,Luton,Liverpool,1,1,D,0,0,D,8,24,5,6,4,7,7,13,1,1,0,0
2023/24,11/6/2023,Tottenham,Chelsea,1,4,A,1,1,D,8,17,5,8,1,6,12,21,1,5,2,0
2023/24,11/11/2023,Wolves,Tottenham,2,1,H,0,1,A,17,6,4,2,11,3,19,15,4,3,0,0
2023/24,11/11/2023,Arsenal,Burnley,3,1,H,1,0,H,16,8,6,5,3,3,8,9,0,1,1,0
2023/24,11/11/2023,Crystal Palace,Everton,2,3,A,1,1,D,13,8,4,4,9,2,9,18,1,4,0,0
2023/24,11/11/2023,Man United,Luton,1,0,H,0,0,D,15,10,4,4,11,3,9,11,0,2,0,0
2023/24,11/11/2023,Bournemouth,Newcastle,2,0,H,0,0,D,19,8,10,5,6,5,10,4,2,1,0,0
2023/24,11/12/2023,Aston Villa,Fulham,3,1,H,2,0,H,12,9,6,5,2,2,4,17,2,5,0,0
2023/24,11/12/2023,Brighton,Sheffield United,1,1,D,1,0,H,11,9,6,1,6,3,13,16,3,2,1,0
2023/24,11/12/2023,Liverpool,Brentford,3,0,H,1,0,H,17,16,10,3,6,8,16,12,1,2,0,0
2023/24,11/12/2023,West Ham,Nott'm Forest,3,2,H,1,1,D,16,10,6,5,9,4,9,12,2,2,0,0
2023/24,11/12/2023,Chelsea,Man City,4,4,D,2,2,D,17,15,9,10,3,3,12,15,5,3,0,0
2023/24,11/25/2023,Man City,Liverpool,1,1,D,1,0,H,16,8,5,3,9,6,9,11,1,3,0,0
2023/24,11/25/2023,Burnley,West Ham,1,2,A,0,0,D,11,11,5,3,4,5,11,7,1,3,0,0
2023/24,11/25/2023,Luton,Crystal Palace,2,1,H,0,0,D,8,16,3,8,4,5,15,12,6,1,0,0
2023/24,11/25/2023,Newcastle,Chelsea,4,1,H,1,1,D,14,7,5,4,4,2,13,19,4,4,0,1
2023/24,11/25/2023,Nott'm Forest,Brighton,2,3,A,1,2,A,18,11,5,5,6,4,12,7,2,4,0,1
2023/24,11/25/2023,Sheffield United,Bournemouth,1,3,A,0,2,A,10,23,2,11,4,7,6,8,4,1,0,0
2023/24,11/25/2023,Brentford,Arsenal,0,1,A,0,0,D,9,15,3,4,1,8,9,7,1,1,0,0
2023/24,11/26/2023,Tottenham,Aston Villa,1,2,A,1,1,D,18,15,8,5,9,3,11,13,0,4,0,0
2023/24,11/26/2023,Everton,Man United,0,3,A,0,1,A,24,9,6,4,6,5,10,8,3,0,0,0
2023/24,11/27/2023,Fulham,Wolves,3,2,H,1,1,D,12,10,6,6,6,2,13,13,2,2,0,0
2023/24,12/2/2023,Arsenal,Wolves,2,1,H,2,0,H,19,6,6,3,4,0,10,10,1,2,0,0
2023/24,12/2/2023,Brentford,Luton,3,1,H,0,0,D,27,7,6,1,7,5,10,8,1,2,0,0
2023/24,12/2/2023,Burnley,Sheffield United,5,0,H,2,0,H,19,6,7,3,6,1,9,12,2,5,0,1
2023/24,12/2/2023,Nott'm Forest,Everton,0,1,A,0,0,D,13,12,2,3,4,3,15,14,1,0,0,0
2023/24,12/2/2023,Newcastle,Man United,1,0,H,0,0,D,22,8,4,1,7,3,6,13,1,2,0,0
2023/24,12/3/2023,Bournemouth,Aston Villa,2,2,D,1,1,D,15,11,7,3,7,7,16,12,5,3,0,0
2023/24,12/3/2023,Chelsea,Brighton,3,2,H,2,1,H,8,18,5,9,5,8,16,12,3,5,1,0
2023/24,12/3/2023,Liverpool,Fulham,4,3,H,2,2,D,26,9,12,5,3,4,6,7,0,0,0,0
2023/24,12/3/2023,West Ham,Crystal Palace,1,1,D,1,0,H,9,9,3,2,2,3,17,7,2,0,0,0
2023/24,12/3/2023,Man City,Tottenham,3,3,D,2,1,H,18,8,4,4,10,8,14,14,4,4,0,0
2023/24,12/5/2023,Wolves,Burnley,1,0,H,1,0,H,7,12,4,3,6,8,11,15,2,4,0,0
2023/24,12/5/2023,Luton,Arsenal,3,4,A,1,2,A,6,23,4,9,3,8,14,7,2,1,0,0
2023/24,12/6/2023,Brighton,Brentford,2,1,H,1,1,D,18,8,7,2,7,3,10,8,3,1,0,0
2023/24,12/6/2023,Crystal Palace,Bournemouth,0,2,A,0,1,A,16,11,3,4,3,9,10,17,1,3,0,0
2023/24,12/6/2023,Fulham,Nott'm Forest,5,0,H,2,0,H,14,4,6,1,6,1,7,10,0,1,0,0
2023/24,12/6/2023,Sheffield United,Liverpool,0,2,A,0,1,A,6,15,1,8,2,12,12,8,2,3,0,0
2023/24,12/6/2023,Aston Villa,Man City,1,0,H,0,0,D,22,2,7,2,6,0,13,13,2,2,0,0
2023/24,12/6/2023,Man United,Chelsea,2,1,H,1,1,D,28,13,9,3,12,4,12,12,4,0,0,0
2023/24,12/7/2023,Everton,Newcastle,3,0,H,0,0,D,21,13,6,3,5,2,18,8,3,0,0,0
2023/24,12/7/2023,Tottenham,West Ham,1,2,A,1,0,H,23,11,7,5,8,4,11,12,3,3,0,0
2023/24,12/9/2023,Crystal Palace,Liverpool,1,2,A,0,0,D,8,14,4,2,6,5,17,17,5,2,1,0
2023/24,12/9/2023,Brighton,Burnley,1,1,D,0,1,A,29,6,11,3,9,1,5,8,0,4,0,0
2023/24,12/9/2023,Man United,Bournemouth,0,3,A,0,1,A,20,10,3,4,10,4,7,10,3,1,0,0
2023/24,12/9/2023,Sheffield United,Brentford,1,0,H,1,0,H,9,10,4,4,3,4,14,13,5,1,0,0
2023/24,12/9/2023,Wolves,Nott'm Forest,1,1,D,1,1,D,10,8,4,2,4,3,9,11,0,1,0,0
2023/24,12/9/2023,Aston Villa,Arsenal,1,0,H,1,0,H,10,12,3,5,3,3,16,11,4,2,0,0
2023/24,12/10/2023,Everton,Chelsea,2,0,H,0,0,D,9,16,5,4,4,8,12,12,2,2,0,0
2023/24,12/10/2023,Fulham,West Ham,5,0,H,3,0,H,14,9,8,5,3,6,5,10,2,1,0,0
2023/24,12/10/2023,Luton,Man City,1,2,A,1,0,H,4,18,2,6,6,3,16,6,2,1,0,0
2023/24,12/10/2023,Tottenham,Newcastle,4,1,H,2,0,H,23,9,12,3,3,6,10,12,1,3,0,0
2023/24,12/15/2023,Nott'm Forest,Tottenham,0,2,A,0,1,A,15,12,1,6,6,4,16,11,2,4,0,1
2023/24,12/16/2023,Chelsea,Sheffield United,2,0,H,0,0,D,15,6,6,1,7,6,9,14,1,3,0,0
2023/24,12/16/2023,Man City,Crystal Palace,2,2,D,1,0,H,19,5,9,2,6,1,12,9,1,1,0,0
2023/24,12/16/2023,Newcastle,Fulham,3,0,H,0,0,D,27,6,10,4,5,1,7,12,0,2,0,1
2023/24,12/16/2023,Burnley,Everton,0,2,A,0,2,A,14,9,2,6,8,6,9,8,0,1,0,0
2023/24,12/17/2023,Arsenal,Brighton,2,0,H,0,0,D,26,6,9,1,10,1,11,9,1,3,0,0
2023/24,12/17/2023,Brentford,Aston Villa,1,2,A,1,0,H,4,15,3,5,7,12,19,6,6,4,1,1
2023/24,12/17/2023,West Ham,Wolves,3,0,H,2,0,H,13,14,4,3,6,6,12,15,3,1,0,0
2023/24,12/17/2023,Liverpool,Man United,0,0,D,0,0,D,34,6,8,1,12,0,13,8,2,4,0,1
2023/24,12/21/2023,Crystal Palace,Brighton,1,1,D,1,0,H,11,18,3,6,3,1,12,11,5,2,0,0
2023/24,12/22/2023,Aston Villa,Sheffield United,1,1,D,0,0,D,12,5,4,2,9,1,11,16,3,3,0,0
2023/24,12/23/2023,West Ham,Man United,2,0,H,0,0,D,12,11,5,3,4,4,13,15,2,3,0,0
2023/24,12/23/2023,Fulham,Burnley,0,2,A,0,0,D,19,7,5,2,8,6,5,17,2,1,0,0
2023/24,12/23/2023,Luton,Newcastle,1,0,H,1,0,H,16,15,5,2,6,7,11,5,2,1,0,0
2023/24,12/23/2023,Nott'm Forest,Bournemouth,2,3,A,0,0,D,11,18,5,7,6,6,10,10,0,3,1,0
2023/24,12/23/2023,Tottenham,Everton,2,1,H,2,0,H,13,18,6,8,3,8,6,18,1,4,0,0
2023/24,12/23/2023,Liverpool,Arsenal,1,1,D,1,1,D,13,13,3,2,4,5,13,14,2,5,0,0
2023/24,12/24/2023,Wolves,Chelsea,2,1,H,0,0,D,14,16,6,5,10,6,11,9,3,5,0,0
2023/24,12/26/2023,Newcastle,Nott'm Forest,1,3,A,1,1,D,19,15,7,6,10,2,10,11,3,3,0,0
2023/24,12/26/2023,Bournemouth,Fulham,3,0,H,1,0,H,16,8,4,3,6,5,10,10,0,2,0,0
2023/24,12/26/2023,Sheffield United,Luton,2,3,A,0,1,A,21,12,6,4,9,4,13,13,5,0,0,0
2023/24,12/26/2023,Burnley,Liverpool,0,2,A,0,1,A,9,19,0,10,4,4,7,10,2,1,0,0
2023/24,12/26/2023,Man United,Aston Villa,3,2,H,0,2,A,13,10,7,4,3,6,10,10,1,3,0,0
2023/24,12/27/2023,Brentford,Wolves,1,4,A,1,3,A,14,11,4,5,8,2,5,14,1,1,0,0
2023/24,12/27/2023,Chelsea,Crystal Palace,2,1,H,1,1,D,9,13,4,5,4,3,13,16,3,2,0,0
2023/24,12/27/2023,Everton,Man City,1,3,A,1,0,H,7,23,2,9,8,4,13,5,4,2,0,0
2023/24,12/28/2023,Brighton,Tottenham,4,2,H,2,0,H,15,19,9,3,7,6,18,6,3,2,0,0
2023/24,12/28/2023,Arsenal,West Ham,0,2,A,0,1,A,30,6,8,3,10,3,8,8,2,0,0,0
2023/24,12/30/2023,Luton,Chelsea,2,3,A,0,2,A,15,12,6,8,7,2,14,21,2,2,0,0
2023/24,12/30/2023,Aston Villa,Burnley,3,2,H,2,1,H,19,9,7,5,6,2,9,14,4,1,0,1
2023/24,12/30/2023,Crystal Palace,Brentford,3,1,H,2,1,H,13,9,6,4,7,4,14,10,0,1,0,0
2023/24,12/30/2023,Man City,Sheffield United,2,0,H,1,0,H,18,4,4,2,12,2,5,6,1,1,0,0
2023/24,12/30/2023,Wolves,Everton,3,0,H,1,0,H,12,10,6,0,5,2,9,14,2,3,0,0
2023/24,12/30/2023,Nott'm Forest,Man United,2,1,H,0,0,D,8,10,2,5,4,5,9,11,2,4,0,0
2023/24,12/31/2023,Fulham,Arsenal,2,1,H,1,1,D,15,13,4,3,5,4,11,10,4,1,0,0
2023/24,12/31/2023,Tottenham,Bournemouth,3,1,H,1,0,H,12,24,6,4,4,13,9,18,3,3,0,0
2023/24,1/1/2024,Liverpool,Newcastle,4,2,H,0,0,D,34,5,15,3,7,3,16,15,3,5,0,0
2023/24,1/2/2024,West Ham,Brighton,0,0,D,0,0,D,6,22,2,8,2,0,4,6,1,0,0,0
2023/24,1/12/2024,Burnley,Luton,1,1,D,1,0,H,13,14,7,5,2,8,7,12,1,0,0,0
2023/24,1/13/2024,Chelsea,Fulham,1,0,H,1,0,H,17,14,3,4,6,4,13,9,5,1,0,0
2023/24,1/13/2024,Newcastle,Man City,2,3,A,2,1,H,12,27,5,11,3,13,7,7,1,2,0,0
2023/24,1/14/2024,Everton,Aston Villa,0,0,D,0,0,D,10,16,2,5,4,5,13,14,1,4,0,0
2023/24,1/14/2024,Man United,Tottenham,2,2,D,2,1,H,9,16,2,6,8,13,8,5,2,1,0,0
2023/24,1/20/2024,Arsenal,Crystal Palace,5,0,H,2,0,H,21,12,6,5,6,7,8,12,0,0,0,0
2023/24,1/20/2024,Brentford,Nott'm Forest,3,2,H,1,1,D,11,12,5,3,6,4,10,14,1,3,0,0
2023/24,1/21/2024,Sheffield United,West Ham,2,2,D,1,1,D,21,16,6,5,4,1,11,10,3,1,1,1
2023/24,1/21/2024,Bournemouth,Liverpool,0,4,A,0,0,D,11,14,1,7,8,5,9,12,1,2,0,0
2023/24,1/22/2024,Brighton,Wolves,0,0,D,0,0,D,11,8,4,3,8,2,10,13,1,4,0,0
2023/24,1/30/2024,Nott'm Forest,Arsenal,1,2,A,0,0,D,9,19,3,3,2,11,6,7,0,1,0,0
2023/24,1/30/2024,Fulham,Everton,0,0,D,0,0,D,25,21,6,4,15,6,6,13,1,2,0,0
2023/24,1/30/2024,Luton,Brighton,4,0,H,3,0,H,18,9,8,2,7,4,13,14,2,2,0,0
2023/24,1/30/2024,Crystal Palace,Sheffield United,3,2,H,2,2,D,12,9,4,5,11,1,8,18,1,4,0,0
2023/24,1/30/2024,Aston Villa,Newcastle,1,3,A,0,2,A,12,14,6,5,8,7,14,12,4,1,0,0
2023/24,1/31/2024,Man City,Burnley,3,1,H,2,0,H,14,8,4,3,7,3,3,13,2,2,0,0
2023/24,1/31/2024,Tottenham,Brentford,3,2,H,0,1,A,19,9,5,5,5,3,13,15,2,3,0,0
2023/24,1/31/2024,Liverpool,Chelsea,4,1,H,2,0,H,28,4,13,3,8,1,15,16,2,4,0,0
2023/24,2/1/2024,West Ham,Bournemouth,1,1,D,0,1,A,9,9,3,4,1,5,13,11,1,3,0,0
2023/24,2/1/2024,Wolves,Man United,3,4,A,0,2,A,16,21,7,8,4,5,10,10,2,5,0,0
2023/24,2/3/2024,Everton,Tottenham,2,2,D,1,2,A,14,9,5,6,9,5,8,14,3,0,0,0
2023/24,2/3/2024,Brighton,Crystal Palace,4,1,H,3,0,H,13,7,6,5,3,2,8,14,1,3,0,0
2023/24,2/3/2024,Burnley,Fulham,2,2,D,0,2,A,12,15,4,7,2,13,11,7,2,2,0,0
2023/24,2/3/2024,Newcastle,Luton,4,4,D,2,2,D,19,11,6,8,8,2,13,16,2,2,0,0
2023/24,2/3/2024,Sheffield United,Aston Villa,0,5,A,0,4,A,10,14,5,10,3,4,10,7,1,0,0,0
2023/24,2/4/2024,Bournemouth,Nott'm Forest,1,1,D,1,1,D,9,8,2,6,11,6,19,12,3,2,1,0
2023/24,2/4/2024,Chelsea,Wolves,2,4,A,1,2,A,15,14,6,7,10,1,15,11,3,2,0,0
2023/24,2/4/2024,Man United,West Ham,3,0,H,1,0,H,12,22,5,3,5,8,10,5,0,1,0,0
2023/24,2/4/2024,Arsenal,Liverpool,3,1,H,1,1,D,15,10,7,1,2,4,11,11,6,2,0,1
2023/24,2/5/2024,Brentford,Man City,1,3,A,1,1,D,9,25,3,15,8,13,2,4,1,0,0,0
2023/24,2/10/2024,Man City,Everton,2,0,H,0,0,D,19,5,3,1,9,0,6,11,0,2,0,0
2023/24,2/10/2024,Fulham,Bournemouth,3,1,H,2,0,H,7,25,6,4,1,14,11,11,1,2,0,0
2023/24,2/10/2024,Liverpool,Burnley,3,1,H,1,1,D,25,9,10,4,9,3,11,13,3,2,0,0
2023/24,2/10/2024,Luton,Sheffield United,1,3,A,0,2,A,20,7,5,3,13,1,7,12,1,2,0,0
2023/24,2/10/2024,Tottenham,Brighton,2,1,H,0,1,A,16,6,6,3,9,6,14,13,2,3,0,0
2023/24,2/10/2024,Wolves,Brentford,0,2,A,0,1,A,17,9,5,6,7,4,11,9,2,3,0,0
2023/24,2/10/2024,Nott'm Forest,Newcastle,2,3,A,2,2,D,13,7,3,5,4,4,9,6,1,2,0,0
2023/24,2/11/2024,West Ham,Arsenal,0,6,A,0,4,A,5,25,1,12,2,6,17,11,4,0,0,0
2023/24,2/11/2024,Aston Villa,Man United,1,2,A,0,1,A,23,17,10,5,10,8,9,7,3,2,0,0
2023/24,2/12/2024,Crystal Palace,Chelsea,1,3,A,1,0,H,13,14,4,5,1,7,14,7,2,2,0,0
2023/24,2/17/2024,Brentford,Liverpool,1,4,A,0,1,A,15,15,6,8,1,6,4,18,2,1,0,0
2023/24,2/17/2024,Burnley,Arsenal,0,5,A,0,2,A,8,16,0,7,4,6,11,8,2,1,0,0
2023/24,2/17/2024,Fulham,Aston Villa,1,2,A,0,1,A,15,12,4,3,4,4,11,6,5,2,0,0
2023/24,2/17/2024,Newcastle,Bournemouth,2,2,D,0,0,D,17,12,5,7,4,2,9,22,1,3,0,0
2023/24,2/17/2024,Nott'm Forest,West Ham,2,0,H,1,0,H,19,10,8,3,5,3,13,15,4,4,0,1
2023/24,2/17/2024,Tottenham,Wolves,1,2,A,0,1,A,15,12,4,7,10,4,8,13,0,1,0,0
2023/24,2/17/2024,Man City,Chelsea,1,1,D,0,1,A,31,9,5,6,12,1,7,12,1,3,0,0
2023/24,2/18/2024,Sheffield United,Brighton,0,5,A,0,2,A,6,24,1,10,5,10,3,5,1,4,1,0
2023/24,2/18/2024,Luton,Man United,1,2,A,1,2,A,22,21,4,9,8,6,7,21,3,5,0,0
2023/24,2/19/2024,Everton,Crystal Palace,1,1,D,0,0,D,19,10,4,4,3,6,8,12,0,2,0,0
2023/24,2/20/2024,Man City,Brentford,1,0,H,0,0,D,25,6,11,2,10,1,12,6,2,4,0,0
2023/24,2/21/2024,Liverpool,Luton,4,1,H,0,1,A,29,12,13,3,13,4,15,14,1,4,0,0
2023/24,2/24/2024,Aston Villa,Nott'm Forest,4,2,H,3,1,H,16,10,6,3,7,2,7,16,1,2,0,0
2023/24,2/24/2024,Brighton,Everton,1,1,D,0,0,D,23,6,7,3,11,3,9,14,2,3,1,0
2023/24,2/24/2024,Crystal Palace,Burnley,3,0,H,0,0,D,15,2,6,0,12,3,8,13,3,1,0,1
2023/24,2/24/2024,Man United,Fulham,1,2,A,0,0,D,21,17,9,5,10,9,6,11,2,5,0,0
2023/24,2/24/2024,Bournemouth,Man City,0,1,A,0,1,A,13,15,4,6,3,8,14,6,2,2,0,0
2023/24,2/24/2024,Arsenal,Newcastle,4,1,H,2,0,H,18,3,8,2,9,0,15,6,1,0,0,0
2023/24,2/25/2024,Wolves,Sheffield United,1,0,H,1,0,H,13,12,2,4,5,6,8,4,2,1,0,0
2023/24,2/26/2024,West Ham,Brentford,4,2,H,2,1,H,17,14,6,8,1,7,5,9,1,2,0,0
2023/24,3/2/2024,Brentford,Chelsea,2,2,D,0,1,A,14,17,5,6,0,6,10,9,3,1,0,0
2023/24,3/2/2024,Everton,West Ham,1,3,A,0,0,D,22,12,11,5,4,5,9,6,1,2,0,0
2023/24,3/2/2024,Fulham,Brighton,3,0,H,2,0,H,12,15,5,5,2,6,16,10,1,2,0,0
2023/24,3/2/2024,Newcastle,Wolves,3,0,H,2,0,H,14,12,7,3,3,5,8,11,0,1,0,0
2023/24,3/2/2024,Nott'm Forest,Liverpool,0,1,A,0,0,D,8,22,2,2,3,12,11,12,2,2,0,0
2023/24,3/2/2024,Tottenham,Crystal Palace,3,1,H,0,0,D,14,4,6,1,11,1,7,16,1,2,0,0
2023/24,3/2/2024,Luton,Aston Villa,2,3,A,0,2,A,13,12,5,8,8,6,8,19,1,4,0,0
2023/24,3/3/2024,Burnley,Bournemouth,0,2,A,0,1,A,20,10,6,3,7,2,8,13,2,4,0,0
2023/24,3/3/2024,Man City,Man United,3,1,H,0,1,A,27,3,8,1,15,2,5,10,0,1,0,0
2023/24,3/4/2024,Sheffield United,Arsenal,0,6,A,0,5,A,4,22,0,10,0,7,11,4,1,0,0,0
2023/24,3/9/2024,Man United,Everton,2,0,H,2,0,H,15,23,8,6,5,8,13,11,1,2,0,0
2023/24,3/9/2024,Bournemouth,Sheffield United,2,2,D,0,1,A,32,13,12,9,10,3,12,11,3,5,0,0
2023/24,3/9/2024,Crystal Palace,Luton,1,1,D,1,0,H,21,8,4,2,8,6,20,11,2,3,0,0
2023/24,3/9/2024,Wolves,Fulham,2,1,H,0,0,D,8,23,3,6,3,4,7,11,2,2,0,0
2023/24,3/9/2024,Arsenal,Brentford,2,1,H,1,1,D,17,9,6,4,10,4,9,10,2,4,0,0
2023/24,3/10/2024,Aston Villa,Tottenham,0,4,A,0,0,D,10,9,1,5,6,4,11,15,0,2,1,0
2023/24,3/10/2024,Brighton,Nott'm Forest,1,0,H,1,0,H,10,9,3,4,6,3,14,14,4,4,0,0
2023/24,3/10/2024,West Ham,Burnley,2,2,D,0,2,A,22,11,4,4,4,4,11,18,2,4,0,0
2023/24,3/10/2024,Liverpool,Man City,1,1,D,0,1,A,19,10,6,6,7,4,6,10,0,3,0,0
2023/24,3/11/2024,Chelsea,Newcastle,3,2,H,1,1,D,12,11,8,3,0,4,12,7,3,1,0,0
2023/24,3/13/2024,Bournemouth,Luton,4,3,H,0,3,A,24,8,10,4,11,3,16,11,1,2,0,0
2023/24,3/16/2024,Burnley,Brentford,2,1,H,1,0,H,17,9,6,5,5,4,14,17,2,4,0,1
2023/24,3/16/2024,Luton,Nott'm Forest,1,1,D,0,1,A,10,16,4,6,6,7,10,17,1,2,0,0
2023/24,3/16/2024,Fulham,Tottenham,3,0,H,1,0,H,16,14,7,5,4,5,9,10,2,3,0,0
2023/24,3/17/2024,West Ham,Aston Villa,1,1,D,1,0,H,13,13,5,5,7,11,13,12,3,3,0,0
2023/24,3/30/2024,Newcastle,West Ham,4,3,H,1,2,A,24,10,9,4,3,4,9,8,1,1,1,0
2023/24,3/30/2024,Bournemouth,Everton,2,1,H,0,0,D,11,7,4,3,9,8,14,11,1,2,0,0
2023/24,3/30/2024,Chelsea,Burnley,2,2,D,1,0,H,33,18,13,7,12,4,12,7,2,2,0,1
2023/24,3/30/2024,Nott'm Forest,Crystal Palace,1,1,D,0,1,A,12,10,5,3,4,6,14,12,1,1,0,0
2023/24,3/30/2024,Sheffield United,Fulham,3,3,D,0,0,D,8,24,4,9,2,15,10,13,4,1,0,0
2023/24,3/30/2024,Tottenham,Luton,2,1,H,0,1,A,17,7,4,3,3,6,16,14,2,4,0,0
2023/24,3/30/2024,Aston Villa,Wolves,2,0,H,1,0,H,11,13,5,3,5,4,11,19,3,4,0,0
2023/24,3/30/2024,Brentford,Man United,1,1,D,0,0,D,31,11,5,5,14,4,7,14,2,2,0,0
2023/24,3/31/2024,Liverpool,Brighton,2,1,H,1,1,D,30,9,8,3,8,4,20,6,5,3,0,0
2023/24,3/31/2024,Man City,Arsenal,0,0,D,0,0,D,12,6,1,2,7,4,9,20,0,2,0,0
2023/24,4/2/2024,Newcastle,Everton,1,1,D,1,0,H,18,10,6,3,7,3,9,14,0,3,0,0
2023/24,4/2/2024,Nott'm Forest,Fulham,3,1,H,3,0,H,16,18,4,3,3,8,7,8,0,0,0,0
2023/24,4/2/2024,Bournemouth,Crystal Palace,1,0,H,0,0,D,11,3,6,2,9,2,13,14,3,2,0,0
2023/24,4/2/2024,Burnley,Wolves,1,1,D,1,1,D,13,8,6,2,7,4,10,12,0,2,0,0
2023/24,4/2/2024,West Ham,Tottenham,1,1,D,1,1,D,11,13,4,4,9,5,13,9,1,4,0,0
2023/24,4/3/2024,Arsenal,Luton,2,0,H,2,0,H,13,5,4,1,3,1,12,8,1,1,0,0
2023/24,4/3/2024,Brentford,Brighton,0,0,D,0,0,D,5,24,2,6,1,5,9,12,1,1,0,0
2023/24,4/3/2024,Man City,Aston Villa,4,1,H,2,1,H,25,8,11,3,2,3,6,13,1,2,0,0
2023/24,4/4/2024,Liverpool,Sheffield United,3,1,H,1,0,H,29,8,9,3,13,1,6,9,0,1,0,0
2023/24,4/4/2024,Chelsea,Man United,4,3,H,2,2,D,28,19,10,5,12,3,7,15,3,0,0,0
2023/24,4/6/2024,Crystal Palace,Man City,2,4,A,1,1,D,7,18,4,8,2,9,13,3,1,1,0,0
2023/24,4/6/2024,Aston Villa,Brentford,3,3,D,1,0,H,11,8,3,3,11,3,15,11,2,2,0,0
2023/24,4/6/2024,Everton,Burnley,1,0,H,1,0,H,12,6,3,1,3,5,11,13,2,1,0,1
2023/24,4/6/2024,Fulham,Newcastle,0,1,A,0,0,D,14,12,4,5,14,3,10,13,1,2,0,0
2023/24,4/6/2024,Luton,Bournemouth,2,1,H,0,0,D,19,8,9,1,7,2,7,14,0,0,0,0
2023/24,4/6/2024,Wolves,West Ham,1,2,A,1,0,H,14,11,7,4,4,4,15,7,5,2,0,0
2023/24,4/6/2024,Brighton,Arsenal,0,3,A,0,1,A,10,20,2,7,8,7,14,13,1,2,0,0
2023/24,4/7/2024,Man United,Liverpool,2,2,D,0,1,A,9,28,5,7,6,11,9,10,5,2,0,0
2023/24,4/7/2024,Sheffield United,Chelsea,2,2,D,1,1,D,11,6,6,3,7,6,12,10,4,2,0,0
2023/24,4/7/2024,Tottenham,Nott'm Forest,3,1,H,1,1,D,17,13,7,6,12,2,11,12,2,3,0,0
2023/24,4/13/2024,Newcastle,Tottenham,4,0,H,2,0,H,18,11,5,2,16,3,14,12,0,4,0,0
2023/24,4/13/2024,Brentford,Sheffield United,2,0,H,0,0,D,9,8,5,2,3,6,8,11,3,1,0,0
2023/24,4/13/2024,Burnley,Brighton,1,1,D,0,0,D,11,20,3,8,4,5,18,8,1,2,0,0
2023/24,4/13/2024,Man City,Luton,5,1,H,1,0,H,33,4,13,2,12,1,7,6,1,0,0,0
2023/24,4/13/2024,Nott'm Forest,Wolves,2,2,D,1,1,D,18,11,9,4,10,1,15,10,2,3,0,0
2023/24,4/13/2024,Bournemouth,Man United,2,2,D,2,1,H,20,8,5,2,7,2,13,14,4,0,0,0
2023/24,4/14/2024,Liverpool,Crystal Palace,0,1,A,0,1,A,21,8,6,5,11,1,10,10,1,1,0,0
2023/24,4/14/2024,West Ham,Fulham,0,2,A,0,1,A,15,18,4,10,8,3,6,13,1,2,0,0
2023/24,4/14/2024,Arsenal,Aston Villa,0,2,A,0,0,D,18,11,4,2,4,6,12,7,3,1,0,0
2023/24,4/15/2024,Chelsea,Everton,6,0,H,4,0,H,14,10,10,2,4,8,5,21,1,4,0,0
2023/24,4/20/2024,Luton,Brentford,1,5,A,0,2,A,6,21,3,9,4,9,13,9,1,2,0,0
2023/24,4/20/2024,Sheffield United,Burnley,1,4,A,0,2,A,18,16,11,9,11,2,10,9,1,0,0,0
2023/24,4/20/2024,Wolves,Arsenal,0,2,A,0,1,A,5,24,3,9,1,2,14,9,3,2,0,0
2023/24,4/21/2024,Everton,Nott'm Forest,2,0,H,1,0,H,7,8,4,3,6,4,15,9,3,2,0,0
2023/24,4/21/2024,Aston Villa,Bournemouth,3,1,H,1,1,D,14,14,4,6,8,4,8,14,1,3,0,0
2023/24,4/21/2024,Crystal Palace,West Ham,5,2,H,4,1,H,18,4,7,1,4,0,9,9,3,2,0,0
2023/24,4/21/2024,Fulham,Liverpool,1,3,A,1,1,D,12,14,5,7,1,4,5,11,3,0,0,0
2023/24,4/23/2024,Arsenal,Chelsea,5,0,H,1,0,H,27,7,10,1,4,2,12,11,2,2,0,0
2023/24,4/24/2024,Wolves,Bournemouth,0,1,A,0,1,A,15,21,4,6,8,12,10,17,4,1,0,1
2023/24,4/24/2024,Crystal Palace,Newcastle,2,0,H,0,0,D,20,7,7,2,7,2,10,15,3,3,0,0
2023/24,4/24/2024,Everton,Liverpool,2,0,H,1,0,H,16,23,6,7,4,13,6,13,0,3,0,0
2023/24,4/24/2024,Man United,Sheffield United,4,2,H,1,1,D,25,10,13,4,9,4,7,9,0,1,0,0
2023/24,4/25/2024,Brighton,Man City,0,4,A,0,3,A,7,14,3,6,4,4,10,3,2,0,0,0
2023/24,4/27/2024,West Ham,Liverpool,2,2,D,1,0,H,11,28,8,8,5,8,8,10,0,2,0,0
2023/24,4/27/2024,Fulham,Crystal Palace,1,1,D,0,0,D,9,14,2,4,5,9,11,15,0,2,0,0
2023/24,4/27/2024,Man United,Burnley,1,1,D,0,0,D,27,16,10,7,6,5,7,11,1,3,0,0
2023/24,4/27/2024,Newcastle,Sheffield United,5,1,H,1,1,D,20,15,7,5,4,5,9,10,0,0,0,0
2023/24,4/27/2024,Wolves,Luton,2,1,H,1,0,H,13,9,5,6,4,4,14,14,3,1,0,0
2023/24,4/27/2024,Everton,Brentford,1,0,H,0,0,D,18,10,1,4,6,6,10,12,1,2,0,0
2023/24,4/27/2024,Aston Villa,Chelsea,2,2,D,2,0,H,9,21,4,5,2,4,13,14,3,5,0,0
2023/24,4/28/2024,Bournemouth,Brighton,3,0,H,1,0,H,15,13,6,1,8,2,14,10,2,2,0,0
2023/24,4/28/2024,Tottenham,Arsenal,2,3,A,0,3,A,14,9,2,3,8,6,12,16,2,1,0,0
2023/24,4/28/2024,Nott'm Forest,Man City,0,2,A,0,1,A,14,11,2,5,4,5,8,6,0,0,0,0
2023/24,5/2/2024,Chelsea,Tottenham,2,0,H,1,0,H,16,19,5,3,4,9,12,16,0,1,0,0
2023/24,5/3/2024,Luton,Everton,1,1,D,1,1,D,18,10,5,3,8,7,14,12,1,3,0,0
2023/24,5/4/2024,Arsenal,Bournemouth,3,0,H,1,0,H,25,7,9,2,6,1,16,12,2,3,0,0
2023/24,5/4/2024,Brentford,Fulham,0,0,D,0,0,D,7,15,3,3,7,6,3,6,1,1,0,0
2023/24,5/4/2024,Burnley,Newcastle,1,4,A,0,3,A,17,23,5,11,4,11,8,8,2,2,0,0
2023/24,5/4/2024,Sheffield United,Nott'm Forest,1,3,A,1,1,D,17,15,5,4,5,3,9,7,0,1,1,0
2023/24,5/4/2024,Man City,Wolves,5,1,H,3,0,H,20,2,12,1,6,0,4,17,0,4,0,0
2023/24,5/5/2024,Brighton,Aston Villa,1,0,H,0,0,D,15,2,8,1,7,3,13,10,2,1,0,0
2023/24,5/5/2024,Chelsea,West Ham,5,0,H,3,0,H,25,13,14,2,8,6,12,10,1,3,0,0
2023/24,5/5/2024,Liverpool,Tottenham,4,2,H,2,0,H,25,11,13,6,8,3,14,12,1,4,0,0
2023/24,5/6/2024,Crystal Palace,Man United,4,0,H,2,0,H,18,7,10,2,6,3,12,8,1,1,0,0
2023/24,5/11/2024,Fulham,Man City,0,4,A,0,1,A,1,16,1,9,1,7,9,6,1,0,1,0
2023/24,5/11/2024,Bournemouth,Brentford,1,2,A,0,0,D,13,11,4,5,3,8,16,12,2,2,0,0
2023/24,5/11/2024,Everton,Sheffield United,1,0,H,1,0,H,15,13,6,1,3,6,6,11,1,2,0,0
2023/24,5/11/2024,Newcastle,Brighton,1,1,D,1,1,D,18,15,7,4,8,4,9,16,3,4,0,0
2023/24,5/11/2024,Tottenham,Burnley,2,1,H,1,1,D,21,7,9,3,9,3,10,14,3,5,0,0
2023/24,5/11/2024,West Ham,Luton,3,1,H,0,1,A,24,4,8,1,7,6,9,15,1,3,0,0
2023/24,5/11/2024,Wolves,Crystal Palace,1,3,A,0,2,A,13,13,7,3,8,3,13,12,3,2,0,1
2023/24,5/11/2024,Nott'm Forest,Chelsea,2,3,A,1,1,D,20,12,4,5,5,6,14,8,2,3,0,0
2023/24,5/12/2024,Man United,Arsenal,0,1,A,0,1,A,14,11,2,5,4,7,5,6,0,2,0,0
2023/24,5/13/2024,Aston Villa,Liverpool,3,3,D,1,2,A,19,14,5,7,5,4,11,15,1,1,0,0
2023/24,5/14/2024,Tottenham,Man City,0,2,A,0,0,D,10,8,5,5,7,4,14,11,3,3,0,0
2023/24,5/15/2024,Brighton,Chelsea,1,2,A,0,1,A,12,13,2,6,4,6,13,14,2,2,0,1
2023/24,5/15/2024,Man United,Newcastle,3,2,H,1,0,H,17,21,8,8,9,9,16,7,3,3,0,0
2023/24,5/19/2024,Arsenal,Everton,2,1,H,1,1,D,26,5,5,2,8,1,8,11,4,3,0,0
2023/24,5/19/2024,Brentford,Newcastle,2,4,A,0,3,A,10,12,5,7,3,0,15,11,4,4,0,0
2023/24,5/19/2024,Brighton,Man United,0,2,A,0,0,D,17,11,3,4,7,5,10,9,1,3,0,0
2023/24,5/19/2024,Burnley,Nott'm Forest,1,2,A,0,2,A,20,12,3,6,4,3,11,5,1,0,0,0
2023/24,5/19/2024,Chelsea,Bournemouth,2,1,H,1,0,H,16,22,6,5,6,5,5,9,2,3,0,0
2023/24,5/19/2024,Crystal Palace,Aston Villa,5,0,H,2,0,H,15,8,9,2,2,4,10,8,1,4,0,0
2023/24,5/19/2024,Liverpool,Wolves,2,0,H,2,0,H,36,4,14,3,10,2,14,11,1,1,0,1
2023/24,5/19/2024,Luton,Fulham,2,4,A,1,2,A,15,15,6,7,4,4,15,20,5,4,0,0
2023/24,5/19/2024,Man City,West Ham,3,1,H,2,1,H,28,3,12,2,11,2,3,12,0,1,0,0
2023/24,5/19/2024,Sheffield United,Tottenham,0,3,A,0,1,A,6,18,1,9,2,6,11,9,2,0,0,0
2024/25,8/16/2024,Man United,Fulham,1,0,H,0,0,D,14,10,5,2,7,8,12,10,2,3,0,0
2024/25,8/17/2024,Ipswich,Liverpool,0,2,A,0,0,D,7,18,2,5,2,10,9,18,3,1,0,0
2024/25,8/17/2024,Arsenal,Wolves,2,0,H,1,0,H,18,9,6,3,8,2,17,14,2,2,0,0
2024/25,8/17/2024,Everton,Brighton,0,3,A,0,1,A,9,10,1,5,1,5,8,8,1,1,1,0
2024/25,8/17/2024,Newcastle,Southampton,1,0,H,1,0,H,3,19,1,4,3,12,15,16,2,4,1,0
2024/25,8/17/2024,Nott'm Forest,Bournemouth,1,1,D,1,0,H,14,13,8,4,2,6,17,8,1,3,0,0
2024/25,8/17/2024,West Ham,Aston Villa,1,2,A,1,1,D,14,15,3,3,5,3,18,11,1,2,0,0
2024/25,8/18/2024,Brentford,Crystal Palace,2,1,H,1,0,H,9,14,5,6,4,7,6,15,1,5,0,0
2024/25,8/18/2024,Chelsea,Man City,0,2,A,0,1,A,10,11,3,5,4,3,12,9,1,1,0,0
2024/25,8/19/2024,Leicester,Tottenham,1,1,D,0,1,A,7,15,3,7,2,13,11,12,1,1,0,0
2024/25,8/24/2024,Brighton,Man United,2,1,H,1,0,H,14,11,5,4,4,4,9,13,1,2,0,0
2024/25,8/24/2024,Crystal Palace,West Ham,0,2,A,0,0,D,14,18,2,3,3,3,9,17,1,1,0,0
2024/25,8/24/2024,Fulham,Leicester,2,1,H,1,1,D,18,10,6,4,7,5,14,13,2,2,0,0
2024/25,8/24/2024,Man City,Ipswich,4,1,H,3,1,H,14,1,5,1,10,1,4,15,2,3,0,0
2024/25,8/24/2024,Southampton,Nott'm Forest,0,1,A,0,0,D,5,23,1,8,4,10,14,14,3,3,0,0
2024/25,8/24/2024,Tottenham,Everton,4,0,H,2,0,H,13,10,7,1,12,5,11,15,0,0,0,0
2024/25,8/24/2024,Aston Villa,Arsenal,0,2,A,0,0,D,11,9,3,4,4,1,8,15,1,3,0,0
2024/25,8/25/2024,Bournemouth,Newcastle,1,1,D,1,0,H,16,14,4,5,8,9,19,8,2,2,0,0
2024/25,8/25/2024,Wolves,Chelsea,2,6,A,2,2,D,12,14,4,8,5,5,13,13,2,3,0,0
2024/25,8/25/2024,Liverpool,Brentford,2,0,H,1,0,H,19,8,8,2,9,4,10,7,2,3,0,0
2024/25,8/31/2024,Arsenal,Brighton,1,1,D,1,0,H,11,22,7,4,3,7,12,7,3,2,1,0
2024/25,8/31/2024,Brentford,Southampton,3,1,H,1,0,H,20,18,7,6,2,8,10,7,2,1,0,0
2024/25,8/31/2024,Everton,Bournemouth,2,3,A,0,0,D,18,17,8,7,8,4,6,1,2,1,0,0
2024/25,8/31/2024,Ipswich,Fulham,1,1,D,1,1,D,11,9,4,4,8,6,15,15,2,3,0,0
2024/25,8/31/2024,Leicester,Aston Villa,1,2,A,0,1,A,9,10,3,5,1,4,13,21,4,5,0,0
2024/25,8/31/2024,Nott'm Forest,Wolves,1,1,D,1,1,D,16,11,5,3,7,3,15,18,3,4,0,0
2024/25,8/31/2024,West Ham,Man City,1,3,A,1,2,A,10,23,2,8,3,11,10,3,3,2,0,0
2024/25,9/1/2024,Chelsea,Crystal Palace,1,1,D,1,0,H,13,9,7,3,4,5,9,13,4,2,0,0
2024/25,9/1/2024,Newcastle,Tottenham,2,1,H,1,0,H,9,20,3,6,7,12,16,13,4,4,0,0
2024/25,9/1/2024,Man United,Liverpool,0,3,A,0,2,A,8,11,3,3,5,2,7,7,4,1,0,0
2024/25,9/14/2024,Southampton,Man United,0,3,A,0,2,A,6,20,4,10,0,7,11,14,1,4,1,0
2024/25,9/14/2024,Brighton,Ipswich,0,0,D,0,0,D,21,6,6,1,9,2,14,16,4,3,0,0
2024/25,9/14/2024,Crystal Palace,Leicester,2,2,D,0,1,A,20,9,4,4,5,2,11,15,0,3,0,0
2024/25,9/14/2024,Fulham,West Ham,1,1,D,1,0,H,21,11,5,3,3,2,15,18,2,3,0,0
2024/25,9/14/2024,Liverpool,Nott'm Forest,0,1,A,0,0,D,14,5,5,3,7,2,15,6,4,4,0,0
2024/25,9/14/2024,Man City,Brentford,2,1,H,2,1,H,18,8,7,5,12,3,9,3,3,1,0,0
2024/25,9/14/2024,Aston Villa,Everton,3,2,H,1,2,A,17,6,8,2,6,2,10,12,1,4,0,0
2024/25,9/14/2024,Bournemouth,Chelsea,0,1,A,0,0,D,19,10,7,3,6,3,16,9,6,8,0,0
2024/25,9/15/2024,Tottenham,Arsenal,0,1,A,0,0,D,15,7,5,4,7,6,13,10,5,3,0,0
2024/25,9/15/2024,Wolves,Newcastle,1,2,A,1,0,H,12,14,5,6,4,7,17,6,3,3,0,0
2024/25,9/21/2024,West Ham,Chelsea,0,3,A,0,2,A,15,12,7,5,6,5,17,9,5,2,0,0
2024/25,9/21/2024,Aston Villa,Wolves,3,1,H,0,1,A,9,10,4,4,6,5,11,16,3,6,0,0
2024/25,9/21/2024,Fulham,Newcastle,3,1,H,2,0,H,22,15,11,4,6,0,16,8,6,0,0,0
2024/25,9/21/2024,Leicester,Everton,1,1,D,0,1,A,12,16,2,5,6,1,11,12,1,2,0,0
2024/25,9/21/2024,Liverpool,Bournemouth,3,0,H,3,0,H,19,19,13,6,3,9,10,12,1,4,0,0
2024/25,9/21/2024,Southampton,Ipswich,1,1,D,1,0,H,11,13,3,6,2,10,16,16,4,4,0,0
2024/25,9/21/2024,Tottenham,Brentford,3,1,H,2,1,H,23,6,10,6,9,4,11,9,3,1,0,0
2024/25,9/21/2024,Crystal Palace,Man United,0,0,D,0,0,D,9,15,4,6,4,11,7,12,3,1,0,0
2024/25,9/22/2024,Brighton,Nott'm Forest,2,2,D,2,1,H,14,4,3,3,9,1,12,11,3,4,0,1
2024/25,9/22/2024,Man City,Arsenal,2,2,D,1,2,A,33,5,11,3,8,2,7,10,3,4,0,1
2024/25,9/28/2024,Newcastle,Man City,1,1,D,0,1,A,11,16,4,6,5,6,14,10,4,4,0,0
2024/25,9/28/2024,Arsenal,Leicester,4,2,H,2,0,H,36,5,16,3,17,0,11,6,2,4,0,0
2024/25,9/28/2024,Brentford,West Ham,1,1,D,1,0,H,8,19,3,3,7,7,2,11,2,3,0,0
2024/25,9/28/2024,Chelsea,Brighton,4,2,H,4,2,H,15,15,7,5,8,2,11,8,3,2,0,0
2024/25,9/28/2024,Everton,Crystal Palace,2,1,H,0,1,A,8,17,2,5,5,8,13,11,2,1,0,0
2024/25,9/28/2024,Nott'm Forest,Fulham,0,1,A,0,0,D,11,14,1,2,6,5,11,15,2,4,0,0
2024/25,9/28/2024,Wolves,Liverpool,1,2,A,0,1,A,8,10,3,6,2,10,16,8,2,3,0,0
2024/25,9/29/2024,Ipswich,Aston Villa,2,2,D,1,2,A,15,7,5,3,10,0,10,14,4,1,0,0
2024/25,9/29/2024,Man United,Tottenham,0,3,A,0,1,A,11,24,2,10,5,3,16,14,5,3,1,0
2024/25,9/30/2024,Bournemouth,Southampton,3,1,H,3,0,H,14,9,6,3,7,4,19,12,2,5,0,0
2024/25,10/5/2024,Crystal Palace,Liverpool,0,1,A,0,1,A,9,16,5,4,3,8,7,15,4,2,0,0
2024/25,10/5/2024,Arsenal,Southampton,3,1,H,0,0,D,29,8,6,2,13,1,10,9,0,3,0,0
2024/25,10/5/2024,Brentford,Wolves,5,3,H,4,2,H,19,17,12,6,10,3,9,10,2,3,0,0
2024/25,10/5/2024,Leicester,Bournemouth,1,0,H,1,0,H,6,17,2,2,0,9,12,14,4,1,0,0
2024/25,10/5/2024,Man City,Fulham,3,2,H,1,1,D,20,11,7,4,8,3,4,10,2,1,0,0
2024/25,10/5/2024,West Ham,Ipswich,4,1,H,2,1,H,23,9,13,2,5,5,12,6,0,1,0,0
2024/25,10/5/2024,Everton,Newcastle,0,0,D,0,0,D,8,14,2,3,0,10,12,8,1,2,0,0
2024/25,10/6/2024,Aston Villa,Man United,0,0,D,0,0,D,11,10,1,4,6,3,12,11,1,5,0,0
2024/25,10/6/2024,Chelsea,Nott'm Forest,1,1,D,0,0,D,22,16,8,9,11,3,12,11,6,2,0,1
2024/25,10/6/2024,Brighton,Tottenham,3,2,H,0,2,A,11,13,4,3,4,7,14,10,2,2,0,0
2024/25,10/19/2024,Tottenham,West Ham,4,1,H,1,1,D,22,11,7,4,13,5,10,15,1,3,0,1
2024/25,10/19/2024,Fulham,Aston Villa,1,3,A,1,1,D,10,14,4,5,6,11,8,11,3,3,1,1
2024/25,10/19/2024,Ipswich,Everton,0,2,A,0,2,A,13,11,2,8,5,8,12,10,1,1,0,0
2024/25,10/19/2024,Man United,Brentford,2,1,H,0,1,A,23,8,11,2,9,2,14,5,2,2,0,0
2024/25,10/19/2024,Newcastle,Brighton,0,1,A,0,1,A,21,10,6,5,9,4,11,9,2,2,0,0
2024/25,10/19/2024,Southampton,Leicester,2,3,A,2,0,H,14,18,7,4,10,6,10,10,5,3,1,0
2024/25,10/19/2024,Bournemouth,Arsenal,2,0,H,0,0,D,13,6,4,1,7,4,12,11,1,1,0,1
2024/25,10/20/2024,Wolves,Man City,1,2,A,1,1,D,3,22,2,7,1,18,8,5,4,1,0,0
2024/25,10/20/2024,Liverpool,Chelsea,2,1,H,1,0,H,9,12,5,2,1,6,12,13,4,3,0,0
2024/25,10/21/2024,Nott'm Forest,Crystal Palace,1,0,H,0,0,D,20,20,6,7,6,6,9,12,2,3,0,0
2024/25,10/25/2024,Leicester,Nott'm Forest,1,3,A,1,1,D,11,20,1,5,6,7,16,9,5,2,0,0
2024/25,10/26/2024,Aston Villa,Bournemouth,1,1,D,0,0,D,18,11,8,3,9,7,12,14,7,6,0,0
2024/25,10/26/2024,Brentford,Ipswich,4,3,H,2,2,D,20,11,9,5,5,5,7,10,0,1,0,1
2024/25,10/26/2024,Brighton,Wolves,2,2,D,1,0,H,19,14,6,7,9,6,12,10,3,3,0,0
2024/25,10/26/2024,Man City,Southampton,1,0,H,1,0,H,22,5,8,2,12,1,9,9,1,3,0,0
2024/25,10/26/2024,Everton,Fulham,1,1,D,0,0,D,10,14,5,3,4,2,8,8,1,0,0,0
2024/25,10/27/2024,Chelsea,Newcastle,2,1,H,1,1,D,17,11,7,3,7,4,13,16,6,3,0,0
2024/25,10/27/2024,Crystal Palace,Tottenham,1,0,H,1,0,H,14,11,6,3,8,8,16,12,4,4,0,0
2024/25,10/27/2024,West Ham,Man United,2,1,H,0,0,D,12,18,3,5,6,5,6,7,5,1,0,0
2024/25,10/27/2024,Arsenal,Liverpool,2,2,D,2,1,H,9,9,3,4,1,3,14,14,2,2,0,0
2024/25,11/2/2024,Newcastle,Arsenal,1,0,H,1,0,H,9,10,4,1,4,6,16,18,4,4,0,0
2024/25,11/2/2024,Bournemouth,Man City,2,1,H,1,0,H,12,18,6,4,3,10,11,6,2,1,0,0
2024/25,11/2/2024,Ipswich,Leicester,1,1,D,0,0,D,14,20,2,6,4,6,11,10,4,2,1,0
2024/25,11/2/2024,Liverpool,Brighton,2,1,H,0,1,A,16,13,8,5,10,7,10,18,1,1,0,0
2024/25,11/2/2024,Nott'm Forest,West Ham,3,0,H,1,0,H,19,4,6,2,11,6,7,9,1,2,0,1
2024/25,11/2/2024,Southampton,Everton,1,0,H,0,0,D,9,16,2,5,3,6,14,18,4,2,0,0
2024/25,11/2/2024,Wolves,Crystal Palace,2,2,D,0,0,D,11,19,6,7,3,6,7,9,1,2,0,0
2024/25,11/3/2024,Tottenham,Aston Villa,4,1,H,0,1,A,16,12,6,1,6,4,14,14,2,0,0,0
2024/25,11/3/2024,Man United,Chelsea,1,1,D,0,0,D,11,12,4,3,4,8,19,14,6,2,0,0
2024/25,11/4/2024,Fulham,Brentford,2,1,H,0,1,A,26,5,12,2,11,3,3,10,2,1,0,0
2024/25,11/9/2024,Brentford,Bournemouth,3,2,H,1,1,D,12,15,6,3,6,4,8,16,2,4,0,0
2024/25,11/9/2024,Crystal Palace,Fulham,0,2,A,0,1,A,13,17,5,7,1,8,10,11,1,1,1,0
2024/25,11/9/2024,West Ham,Everton,0,0,D,0,0,D,11,18,6,4,7,6,10,9,1,2,0,0
2024/25,11/9/2024,Wolves,Southampton,2,0,H,1,0,H,8,9,4,0,1,9,14,12,1,4,0,0
2024/25,11/9/2024,Brighton,Man City,2,1,H,0,1,A,10,15,4,6,0,4,12,10,3,3,0,0
2024/25,11/9/2024,Liverpool,Aston Villa,2,0,H,1,0,H,14,12,5,2,2,9,11,15,0,3,0,0
2024/25,11/10/2024,Man United,Leicester,3,0,H,2,0,H,13,6,3,5,1,5,9,5,0,1,0,0
2024/25,11/10/2024,Nott'm Forest,Newcastle,1,3,A,1,0,H,9,17,3,6,4,5,13,6,1,1,0,0
2024/25,11/10/2024,Tottenham,Ipswich,1,2,A,0,2,A,17,8,5,3,12,2,10,19,1,5,0,0
2024/25,11/10/2024,Chelsea,Arsenal,1,1,D,0,0,D,17,13,3,3,4,3,12,12,4,2,0,0
2024/25,11/23/2024,Leicester,Chelsea,1,2,A,0,1,A,4,16,1,7,2,9,15,12,4,3,0,0
2024/25,11/23/2024,Arsenal,Nott'm Forest,3,0,H,1,0,H,19,7,7,0,8,1,10,1,3,2,0,0
2024/25,11/23/2024,Aston Villa,Crystal Palace,2,2,D,1,2,A,17,13,5,6,10,1,10,11,3,2,0,0
2024/25,11/23/2024,Bournemouth,Brighton,1,2,A,0,1,A,19,6,5,4,7,0,13,10,2,2,0,1
2024/25,11/23/2024,Everton,Brentford,0,0,D,0,0,D,27,9,5,2,10,4,8,10,0,0,0,1
2024/25,11/23/2024,Fulham,Wolves,1,4,A,1,1,D,10,10,3,5,7,2,14,14,3,0,0,0
2024/25,11/23/2024,Man City,Tottenham,0,4,A,0,2,A,23,9,5,7,9,3,19,9,4,2,0,0
2024/25,11/24/2024,Southampton,Liverpool,2,3,A,1,1,D,7,27,5,11,3,10,11,9,3,4,0,0
2024/25,11/24/2024,Ipswich,Man United,1,1,D,1,1,D,11,11,6,4,4,3,11,10,0,0,0,0
2024/25,11/25/2024,Newcastle,West Ham,0,2,A,0,1,A,18,15,2,6,8,3,11,8,1,0,0,0
2024/25,11/29/2024,Brighton,Southampton,1,1,D,1,0,H,22,10,5,2,7,6,20,16,2,4,0,0
2024/25,11/30/2024,Brentford,Leicester,4,1,H,3,1,H,13,7,6,3,5,4,9,10,1,1,0,0
2024/25,11/30/2024,Crystal Palace,Newcastle,1,1,D,0,0,D,16,1,4,0,8,9,12,11,3,3,0,0
2024/25,11/30/2024,Nott'm Forest,Ipswich,1,0,H,0,0,D,12,7,5,3,8,7,5,16,1,3,0,0
2024/25,11/30/2024,Wolves,Bournemouth,2,4,A,1,3,A,10,12,3,8,3,4,13,11,4,1,0,0
2024/25,11/30/2024,West Ham,Arsenal,2,5,A,2,5,A,12,16,5,7,2,10,10,13,4,1,0,0
2024/25,12/1/2024,Chelsea,Aston Villa,3,0,H,2,0,H,17,10,8,4,3,4,21,6,2,2,0,0
2024/25,12/1/2024,Man United,Everton,4,0,H,2,0,H,11,8,5,2,2,2,12,12,2,3,0,0
2024/25,12/1/2024,Tottenham,Fulham,1,1,D,0,0,D,8,14,3,6,7,11,4,14,0,1,0,1
2024/25,12/1/2024,Liverpool,Man City,2,0,H,1,0,H,18,8,7,2,7,4,9,8,1,3,0,0
2024/25,12/3/2024,Ipswich,Crystal Palace,0,1,A,0,0,D,9,13,2,3,4,7,14,13,2,4,0,0
2024/25,12/3/2024,Leicester,West Ham,3,1,H,1,0,H,8,31,6,10,3,9,9,7,2,2,0,0
2024/25,12/4/2024,Everton,Wolves,4,0,H,2,0,H,13,6,4,2,3,4,10,8,2,0,0,0
2024/25,12/4/2024,Man City,Nott'm Forest,3,0,H,2,0,H,17,12,7,3,8,2,7,15,2,4,0,0
2024/25,12/4/2024,Newcastle,Liverpool,3,3,D,1,0,H,17,16,6,5,5,6,9,17,2,5,0,0
2024/25,12/4/2024,Southampton,Chelsea,1,5,A,1,3,A,6,26,4,13,5,7,7,14,1,0,1,0
2024/25,12/4/2024,Arsenal,Man United,2,0,H,0,0,D,14,5,6,2,13,0,12,8,1,3,0,0
2024/25,12/4/2024,Aston Villa,Brentford,3,1,H,3,0,H,20,9,10,1,10,5,11,15,2,2,0,0
2024/25,12/5/2024,Fulham,Brighton,3,1,H,1,0,H,6,13,2,3,5,6,7,8,2,2,0,0
2024/25,12/5/2024,Bournemouth,Tottenham,1,0,H,1,0,H,21,12,8,4,5,9,15,8,2,2,0,0
2024/25,12/7/2024,Aston Villa,Southampton,1,0,H,1,0,H,18,4,5,0,14,1,18,15,1,3,0,0
2024/25,12/7/2024,Brentford,Newcastle,4,2,H,2,2,D,11,16,8,3,3,4,10,7,3,0,0,0
2024/25,12/7/2024,Crystal Palace,Man City,2,2,D,1,1,D,12,12,3,4,6,8,4,10,1,0,0,1
2024/25,12/7/2024,Man United,Nott'm Forest,2,3,A,1,1,D,17,11,7,3,5,3,10,13,0,2,0,0
2024/25,12/8/2024,Fulham,Arsenal,1,1,D,1,0,H,2,12,2,4,0,6,10,9,4,2,0,0
2024/25,12/8/2024,Ipswich,Bournemouth,1,2,A,1,0,H,18,22,5,6,6,13,9,13,2,1,0,0
2024/25,12/8/2024,Leicester,Brighton,2,2,D,0,1,A,10,16,3,7,5,5,9,10,1,2,0,0
2024/25,12/8/2024,Tottenham,Chelsea,3,4,A,2,1,H,13,17,5,8,5,10,17,11,2,2,0,0
2024/25,12/9/2024,West Ham,Wolves,2,1,H,0,0,D,19,19,4,5,11,0,12,17,5,4,0,0
2024/25,12/14/2024,Arsenal,Everton,0,0,D,0,0,D,13,2,5,0,8,2,6,9,0,3,0,0
2024/25,12/14/2024,Liverpool,Fulham,2,2,D,0,1,A,16,12,4,3,5,4,10,7,3,4,1,0
2024/25,12/14/2024,Newcastle,Leicester,4,0,H,1,0,H,27,4,11,1,5,2,7,16,3,3,0,0
2024/25,12/14/2024,Wolves,Ipswich,1,2,A,0,1,A,16,10,6,5,7,3,13,9,0,2,1,0
2024/25,12/14/2024,Nott'm Forest,Aston Villa,2,1,H,0,0,D,17,8,6,2,4,3,12,6,0,1,0,0
2024/25,12/15/2024,Brighton,Crystal Palace,1,3,A,0,2,A,17,13,5,5,8,5,11,15,1,4,0,0
2024/25,12/15/2024,Man City,Man United,1,2,A,1,0,H,10,10,3,3,8,2,5,14,1,1,0,0
2024/25,12/15/2024,Chelsea,Brentford,2,1,H,1,0,H,26,9,8,4,8,5,11,7,0,2,1,0
2024/25,12/15/2024,Southampton,Tottenham,0,5,A,0,5,A,9,18,3,9,2,5,8,15,1,3,0,0
2024/25,12/16/2024,Bournemouth,West Ham,1,1,D,0,0,D,29,16,9,3,12,6,6,11,0,2,0,0
2024/25,12/21/2024,Aston Villa,Man City,2,1,H,1,0,H,11,12,6,6,5,4,14,7,3,3,0,0
2024/25,12/21/2024,Brentford,Nott'm Forest,0,2,A,0,1,A,7,10,3,6,9,5,9,14,3,4,0,0
2024/25,12/21/2024,Ipswich,Newcastle,0,4,A,0,3,A,10,15,2,7,2,1,9,7,2,0,0,0
2024/25,12/21/2024,West Ham,Brighton,1,1,D,0,0,D,11,12,4,6,8,4,14,20,2,2,0,0
2024/25,12/21/2024,Crystal Palace,Arsenal,1,5,A,1,3,A,15,14,6,6,3,3,9,8,2,2,0,0
2024/25,12/22/2024,Everton,Chelsea,0,0,D,0,0,D,5,12,4,5,2,5,20,12,4,1,0,0
2024/25,12/22/2024,Fulham,Southampton,0,0,D,0,0,D,16,5,5,1,6,5,8,15,1,3,0,0
2024/25,12/22/2024,Leicester,Wolves,0,3,A,0,3,A,9,8,5,4,6,1,15,16,2,0,0,0
2024/25,12/22/2024,Man United,Bournemouth,0,3,A,0,1,A,23,10,7,5,13,1,11,11,1,3,0,0
2024/25,12/22/2024,Tottenham,Liverpool,3,6,A,1,3,A,9,24,5,12,7,5,7,9,1,2,0,0
2024/25,12/26/2024,Man City,Everton,1,1,D,1,1,D,24,8,5,3,8,5,5,10,1,4,0,0
2024/25,12/26/2024,Bournemouth,Crystal Palace,0,0,D,0,0,D,18,10,4,4,5,2,13,12,2,2,0,0
2024/25,12/26/2024,Chelsea,Fulham,1,2,A,1,0,H,12,14,8,7,3,1,13,13,1,3,0,0
2024/25,12/26/2024,Newcastle,Aston Villa,3,0,H,1,0,H,22,4,8,1,9,6,15,10,2,1,0,1
2024/25,12/26/2024,Nott'm Forest,Tottenham,1,0,H,1,0,H,10,13,3,4,2,7,12,13,3,2,0,1
2024/25,12/26/2024,Southampton,West Ham,0,1,A,0,0,D,18,16,5,2,2,2,15,8,1,2,0,0
2024/25,12/26/2024,Wolves,Man United,2,0,H,0,0,D,7,11,4,4,4,4,12,12,2,2,0,1
2024/25,12/26/2024,Liverpool,Leicester,3,1,H,1,1,D,19,4,7,1,14,1,17,5,3,2,0,0
2024/25,12/27/2024,Brighton,Brentford,0,0,D,0,0,D,24,8,7,3,5,3,6,12,0,2,0,0
2024/25,12/27/2024,Arsenal,Ipswich,1,0,H,1,0,H,13,3,5,0,5,1,7,12,1,1,0,0
2024/25,12/29/2024,Leicester,Man City,0,2,A,0,1,A,11,14,4,5,4,4,11,6,2,1,0,0
2024/25,12/29/2024,Crystal Palace,Southampton,2,1,H,1,1,D,19,7,10,3,8,7,18,19,2,3,0,0
2024/25,12/29/2024,Everton,Nott'm Forest,0,2,A,0,1,A,13,11,2,7,5,4,13,10,4,1,0,0
2024/25,12/29/2024,Fulham,Bournemouth,2,2,D,1,0,H,11,16,6,9,1,7,7,16,1,3,0,0
2024/25,12/29/2024,Tottenham,Wolves,2,2,D,2,1,H,13,11,3,3,5,5,9,10,1,2,0,0
2024/25,12/29/2024,West Ham,Liverpool,0,5,A,0,3,A,7,22,0,13,3,6,7,10,0,0,0,0
2024/25,12/30/2024,Aston Villa,Brighton,2,2,D,1,1,D,20,13,4,4,12,3,9,14,2,3,0,0
2024/25,12/30/2024,Ipswich,Chelsea,2,0,H,1,0,H,9,20,6,5,4,7,9,5,4,4,0,0
2024/25,12/30/2024,Man United,Newcastle,0,2,A,0,2,A,10,12,0,4,2,3,13,8,1,1,0,0
2024/25,1/1/2025,Brentford,Arsenal,1,3,A,1,1,D,5,14,2,5,4,3,6,8,1,2,0,0
2024/25,1/4/2025,Tottenham,Newcastle,1,2,A,1,2,A,13,14,4,4,9,10,11,15,1,4,0,0
2024/25,1/4/2025,Aston Villa,Leicester,2,1,H,0,0,D,13,4,5,2,7,2,10,11,0,1,0,0
2024/25,1/4/2025,Bournemouth,Everton,1,0,H,0,0,D,19,9,8,0,9,3,15,14,2,2,0,0
2024/25,1/4/2025,Crystal Palace,Chelsea,1,1,D,0,1,A,13,15,6,1,6,6,9,12,0,2,0,0
2024/25,1/4/2025,Man City,West Ham,4,1,H,2,0,H,10,17,7,4,7,1,8,13,2,1,0,0
2024/25,1/4/2025,Southampton,Brentford,0,5,A,0,1,A,8,20,1,11,2,2,10,4,2,0,0,0
2024/25,1/4/2025,Brighton,Arsenal,1,1,D,0,1,A,11,9,4,3,2,5,17,14,2,3,0,0
2024/25,1/5/2025,Fulham,Ipswich,2,2,D,0,1,A,15,7,4,3,9,2,10,14,1,5,0,0
2024/25,1/5/2025,Liverpool,Man United,2,2,D,0,0,D,19,13,6,4,6,9,10,13,2,4,0,0
2024/25,1/6/2025,Wolves,Nott'm Forest,0,3,A,0,2,A,13,11,6,3,5,3,10,8,1,2,0,0
2024/25,1/14/2025,Brentford,Man City,2,2,D,0,0,D,18,21,6,8,4,5,4,4,0,0,0,0
2024/25,1/14/2025,Chelsea,Bournemouth,2,2,D,1,0,H,26,7,10,3,9,3,15,16,2,3,0,0
2024/25,1/14/2025,West Ham,Fulham,3,2,H,2,0,H,4,21,3,5,0,3,9,18,3,3,0,0
2024/25,1/14/2025,Nott'm Forest,Liverpool,1,1,D,1,0,H,6,23,3,7,0,9,7,10,2,1,0,0
2024/25,1/15/2025,Everton,Aston Villa,0,1,A,0,0,D,10,11,3,3,8,5,17,10,2,1,0,0
2024/25,1/15/2025,Leicester,Crystal Palace,0,2,A,0,0,D,21,9,4,4,4,3,7,6,0,0,0,0
2024/25,1/15/2025,Newcastle,Wolves,3,0,H,1,0,H,17,13,5,7,4,2,10,13,0,2,0,0
2024/25,1/15/2025,Arsenal,Tottenham,2,1,H,2,1,H,14,10,4,2,10,4,16,9,3,1,0,0
2024/25,1/16/2025,Ipswich,Brighton,0,2,A,0,0,D,5,11,3,5,1,9,13,14,2,2,0,0
2024/25,1/16/2025,Man United,Southampton,3,1,H,0,1,A,23,13,9,5,5,4,7,10,1,3,0,0
2024/25,1/18/2025,Newcastle,Bournemouth,1,4,A,1,2,A,13,19,5,10,7,6,7,18,1,6,0,0
2024/25,1/18/2025,Brentford,Liverpool,0,2,A,0,0,D,11,37,6,8,2,15,6,14,2,3,0,0
2024/25,1/18/2025,Leicester,Fulham,0,2,A,0,0,D,8,17,4,2,5,2,8,8,3,1,0,0
2024/25,1/18/2025,West Ham,Crystal Palace,0,2,A,0,0,D,7,12,0,7,2,4,13,10,1,0,1,0
2024/25,1/18/2025,Arsenal,Aston Villa,2,2,D,1,0,H,18,8,6,4,10,1,10,18,2,3,0,0
2024/25,1/19/2025,Everton,Tottenham,3,2,H,3,0,H,12,11,6,6,3,8,14,14,2,1,0,0
2024/25,1/19/2025,Man United,Brighton,1,3,A,1,1,D,10,6,1,3,4,2,13,12,3,3,0,0
2024/25,1/19/2025,Nott'm Forest,Southampton,3,2,H,3,0,H,14,10,5,4,2,8,4,18,0,4,0,0
2024/25,1/19/2025,Ipswich,Man City,0,6,A,0,3,A,8,17,4,9,4,7,4,7,0,1,0,0
2024/25,1/20/2025,Chelsea,Wolves,3,1,H,1,1,D,19,9,7,4,3,6,8,14,4,2,0,0
2024/25,1/25/2025,Bournemouth,Nott'm Forest,5,0,H,1,0,H,16,18,10,4,3,9,9,12,2,3,0,0
2024/25,1/25/2025,Brighton,Everton,0,1,A,0,1,A,16,3,1,1,9,1,8,11,3,4,0,0
2024/25,1/25/2025,Liverpool,Ipswich,4,1,H,3,0,H,16,3,6,3,3,4,10,11,0,2,0,0
2024/25,1/25/2025,Southampton,Newcastle,1,3,A,1,2,A,12,17,5,9,3,8,10,5,1,0,0,0
2024/25,1/25/2025,Wolves,Arsenal,0,1,A,0,0,D,9,9,4,3,1,5,20,10,0,1,1,1
2024/25,1/25/2025,Man City,Chelsea,3,1,H,1,1,D,15,10,6,4,2,4,6,8,3,2,0,0
2024/25,1/26/2025,Crystal Palace,Brentford,1,2,A,0,0,D,16,13,5,6,4,7,8,11,2,2,0,0
2024/25,1/26/2025,Tottenham,Leicester,1,2,A,1,0,H,15,12,6,3,6,4,6,16,1,5,0,0
2024/25,1/26/2025,Aston Villa,West Ham,1,1,D,1,0,H,14,14,4,4,4,3,13,16,2,3,0,0
2024/25,1/26/2025,Fulham,Man United,0,1,A,0,0,D,9,4,3,1,3,0,7,9,0,1,0,0
2024/25,2/1/2025,Nott'm Forest,Brighton,7,0,H,3,0,H,14,10,9,5,4,6,8,13,1,3,0,0
2024/25,2/1/2025,Bournemouth,Liverpool,0,2,A,0,1,A,14,19,3,7,3,3,15,9,2,3,0,0
2024/25,2/1/2025,Everton,Leicester,4,0,H,3,0,H,13,9,7,1,5,6,7,13,0,0,0,0
2024/25,2/1/2025,Ipswich,Southampton,1,2,A,1,1,D,15,9,6,4,1,2,11,14,0,3,0,0
2024/25,2/1/2025,Newcastle,Fulham,1,2,A,1,0,H,11,15,4,4,4,7,10,15,4,4,0,0
2024/25,2/1/2025,Wolves,Aston Villa,2,0,H,1,0,H,8,10,5,3,5,8,20,13,2,3,0,0
2024/25,2/2/2025,Brentford,Tottenham,0,2,A,0,1,A,20,13,4,2,10,3,4,11,0,1,0,0
2024/25,2/2/2025,Man United,Crystal Palace,0,2,A,0,0,D,17,11,2,3,11,0,12,13,3,1,0,0
2024/25,2/2/2025,Arsenal,Man City,5,1,H,1,0,H,12,7,7,4,5,2,6,7,2,0,0,0
2024/25,2/3/2025,Chelsea,West Ham,2,1,H,0,1,A,22,14,3,5,4,3,11,10,3,1,0,0
2024/25,2/12/2025,Everton,Liverpool,2,2,D,1,1,D,10,6,3,4,2,3,9,20,2,2,1,1
2024/25,2/14/2025,Brighton,Chelsea,3,0,H,2,0,H,13,8,5,0,2,9,12,15,1,2,0,0
2024/25,2/15/2025,Leicester,Arsenal,0,2,A,0,0,D,6,11,2,5,3,7,9,10,2,1,0,0
2024/25,2/15/2025,Aston Villa,Ipswich,1,1,D,0,0,D,25,4,6,3,16,1,7,11,0,3,0,1
2024/25,2/15/2025,Fulham,Nott'm Forest,2,1,H,1,1,D,24,8,10,2,8,4,13,8,0,0,0,0
2024/25,2/15/2025,Man City,Newcastle,4,0,H,3,0,H,11,3,7,1,7,4,5,13,0,1,0,0
2024/25,2/15/2025,Southampton,Bournemouth,1,3,A,0,2,A,11,14,4,7,4,6,13,15,1,3,0,0
2024/25,2/15/2025,West Ham,Brentford,0,1,A,0,1,A,13,14,3,5,9,2,10,13,1,1,0,0
2024/25,2/15/2025,Crystal Palace,Everton,1,2,A,0,1,A,17,11,6,6,6,2,9,12,0,1,0,0
2024/25,2/16/2025,Liverpool,Wolves,2,1,H,2,0,H,10,16,3,4,4,3,15,13,2,2,0,0
2024/25,2/16/2025,Tottenham,Man United,1,0,H,1,0,H,22,16,7,6,10,5,13,9,1,2,0,0
2024/25,2/19/2025,Aston Villa,Liverpool,2,2,D,2,1,H,9,17,4,3,6,8,8,6,1,0,0,0
2024/25,2/21/2025,Leicester,Brentford,0,4,A,0,3,A,8,14,3,6,5,6,10,10,4,0,0,0
2024/25,2/22/2025,Everton,Man United,2,2,D,2,0,H,9,9,8,3,7,9,12,9,4,1,0,0
2024/25,2/22/2025,Arsenal,West Ham,0,1,A,0,1,A,20,5,2,2,2,0,16,15,1,3,1,0
2024/25,2/22/2025,Bournemouth,Wolves,0,1,A,0,1,A,8,13,3,5,6,7,17,9,3,3,1,0
2024/25,2/22/2025,Fulham,Crystal Palace,0,2,A,0,1,A,10,10,0,5,7,7,10,7,1,3,0,0
2024/25,2/22/2025,Ipswich,Tottenham,1,4,A,1,2,A,17,10,5,6,4,4,15,14,2,1,0,0
2024/25,2/22/2025,Southampton,Brighton,0,4,A,0,1,A,6,18,1,12,5,6,11,12,2,0,0,0
2024/25,2/22/2025,Aston Villa,Chelsea,2,1,H,0,1,A,12,15,6,7,2,3,15,16,1,3,0,0
2024/25,2/23/2025,Newcastle,Nott'm Forest,4,3,H,4,1,H,13,17,5,5,7,6,11,13,1,4,0,0
2024/25,2/23/2025,Man City,Liverpool,0,2,A,0,2,A,16,8,5,4,7,5,3,10,0,0,0,0
2024/25,2/25/2025,Brighton,Bournemouth,2,1,H,1,0,H,11,19,4,5,1,9,12,14,2,1,0,0
2024/25,2/25/2025,Crystal Palace,Aston Villa,4,1,H,1,0,H,19,6,6,2,3,8,19,10,3,1,0,0
2024/25,2/25/2025,Wolves,Fulham,1,2,A,1,1,D,18,11,5,5,7,5,8,15,1,3,0,0
2024/25,2/25/2025,Chelsea,Southampton,4,0,H,3,0,H,19,7,10,2,4,2,6,9,1,2,0,0
2024/25,2/26/2025,Brentford,Everton,1,1,D,1,0,H,12,14,3,4,2,5,3,6,2,1,0,0
2024/25,2/26/2025,Man United,Ipswich,3,2,H,2,2,D,10,12,6,3,5,6,9,16,4,4,1,0
2024/25,2/26/2025,Nott'm Forest,Arsenal,0,0,D,0,0,D,6,13,2,1,3,11,10,17,1,1,0,0
2024/25,2/26/2025,Tottenham,Man City,0,1,A,0,1,A,11,12,6,5,8,3,12,15,3,0,0,0
2024/25,2/26/2025,Liverpool,Newcastle,2,0,H,1,0,H,12,3,3,0,4,2,12,11,0,1,0,0
2024/25,2/27/2025,West Ham,Leicester,2,0,H,2,0,H,8,10,2,2,3,3,12,6,0,0,0,0
2024/25,3/8/2025,Nott'm Forest,Man City,1,0,H,0,0,D,9,14,4,3,3,2,9,7,3,2,0,0
2024/25,3/8/2025,Brighton,Fulham,2,1,H,1,1,D,9,6,4,1,3,7,6,12,0,2,0,0
2024/25,3/8/2025,Crystal Palace,Ipswich,1,0,H,0,0,D,19,15,4,8,5,4,8,7,4,3,0,0
2024/25,3/8/2025,Liverpool,Southampton,3,1,H,0,1,A,28,6,7,4,6,4,10,9,2,1,0,0
2024/25,3/8/2025,Brentford,Aston Villa,0,1,A,0,0,D,13,12,3,4,6,5,10,5,2,2,0,0
2024/25,3/8/2025,Wolves,Everton,1,1,D,1,1,D,11,12,3,4,5,5,11,16,2,2,0,0
2024/25,3/9/2025,Chelsea,Leicester,1,0,H,0,0,D,20,3,7,3,12,2,12,13,1,0,0,0
2024/25,3/9/2025,Tottenham,Bournemouth,2,2,D,0,1,A,12,17,4,8,3,6,15,16,3,3,0,0
2024/25,3/9/2025,Man United,Arsenal,1,1,D,1,0,H,10,17,6,6,2,9,8,11,0,1,0,0
2024/25,3/10/2025,West Ham,Newcastle,0,1,A,0,0,D,9,9,2,3,3,4,7,15,0,1,0,0
2024/25,3/15/2025,Everton,West Ham,1,1,D,0,0,D,13,10,5,5,6,5,12,8,1,2,0,0
2024/25,3/15/2025,Ipswich,Nott'm Forest,2,4,A,0,3,A,11,11,4,6,6,3,4,13,1,1,0,0
2024/25,3/15/2025,Man City,Brighton,2,2,D,2,1,H,11,15,3,3,4,5,10,10,2,5,0,0
2024/25,3/15/2025,Southampton,Wolves,1,2,A,0,1,A,10,5,3,3,5,1,12,13,0,0,0,0
2024/25,3/15/2025,Bournemouth,Brentford,1,2,A,1,1,D,17,10,5,4,4,3,13,7,3,0,0,0
2024/25,3/16/2025,Arsenal,Chelsea,1,0,H,1,0,H,12,8,4,2,5,4,10,13,3,3,0,0
2024/25,3/16/2025,Fulham,Tottenham,2,0,H,0,0,D,13,12,4,4,6,5,13,10,0,0,0,0
2024/25,3/16/2025,Leicester,Man United,0,3,A,0,1,A,11,18,3,5,6,4,6,6,2,0,0,0
2024/25,4/1/2025,Arsenal,Fulham,2,1,H,1,0,H,17,9,4,3,5,4,2,10,1,2,0,0
2024/25,4/1/2025,Wolves,West Ham,1,0,H,1,0,H,9,10,2,1,1,2,16,12,4,2,0,0
2024/25,4/1/2025,Nott'm Forest,Man United,1,0,H,1,0,H,8,23,2,6,3,10,5,12,1,3,0,0
2024/25,4/2/2025,Bournemouth,Ipswich,1,2,A,0,1,A,24,10,7,2,8,3,14,15,1,2,0,0
2024/25,4/2/2025,Brighton,Aston Villa,0,3,A,0,0,D,11,8,4,5,4,0,16,11,1,3,0,0
2024/25,4/2/2025,Man City,Leicester,2,0,H,2,0,H,18,2,5,0,5,0,11,8,1,4,0,0
2024/25,4/2/2025,Newcastle,Brentford,2,1,H,1,0,H,21,12,4,3,4,5,12,12,1,1,0,0
2024/25,4/2/2025,Southampton,Crystal Palace,1,1,D,1,0,H,8,9,2,3,2,2,14,9,2,1,0,0
2024/25,4/2/2025,Liverpool,Everton,1,0,H,0,0,D,17,5,3,0,11,5,7,11,2,2,0,0
2024/25,4/3/2025,Chelsea,Tottenham,1,0,H,0,0,D,11,8,5,2,4,6,7,16,5,5,0,0
2024/25,4/5/2025,Everton,Arsenal,1,1,D,0,1,A,5,14,2,5,3,8,17,13,3,1,0,0
2024/25,4/5/2025,Crystal Palace,Brighton,2,1,H,1,1,D,8,11,3,5,2,4,12,13,0,1,2,1
2024/25,4/5/2025,Ipswich,Wolves,1,2,A,1,0,H,6,22,2,7,4,8,12,16,2,2,0,0
2024/25,4/5/2025,West Ham,Bournemouth,2,2,D,0,1,A,9,11,3,4,4,7,13,13,2,2,0,0
2024/25,4/5/2025,Aston Villa,Nott'm Forest,2,1,H,2,0,H,17,19,8,3,4,4,7,15,2,2,0,0
2024/25,4/6/2025,Brentford,Chelsea,0,0,D,0,0,D,9,21,2,5,3,6,12,12,1,3,0,0
2024/25,4/6/2025,Fulham,Liverpool,3,2,H,3,1,H,12,14,6,6,4,4,10,9,3,0,0,0
2024/25,4/6/2025,Tottenham,Southampton,3,1,H,2,0,H,13,12,8,4,4,1,16,20,1,1,0,0
2024/25,4/6/2025,Man United,Man City,0,0,D,0,0,D,13,9,2,5,5,3,13,9,3,2,0,0
2024/25,4/7/2025,Leicester,Newcastle,0,3,A,0,3,A,7,16,2,5,12,2,8,9,2,0,0,0
2024/25,4/12/2025,Man City,Crystal Palace,5,2,H,2,2,D,21,8,9,3,1,4,10,16,2,3,0,0
2024/25,4/12/2025,Brighton,Leicester,2,2,D,1,1,D,21,15,7,6,3,6,9,11,2,5,0,0
2024/25,4/12/2025,Nott'm Forest,Everton,0,1,A,0,0,D,10,13,5,5,1,7,9,13,0,3,0,0
2024/25,4/12/2025,Southampton,Aston Villa,0,3,A,0,0,D,7,25,2,10,2,14,11,4,3,1,0,0
2024/25,4/12/2025,Arsenal,Brentford,1,1,D,0,0,D,14,3,3,2,13,5,7,9,1,3,0,0
2024/25,4/13/2025,Chelsea,Ipswich,2,2,D,0,2,A,34,13,9,4,15,4,11,7,2,2,0,0
2024/25,4/13/2025,Liverpool,West Ham,2,1,H,1,0,H,15,11,6,4,10,3,15,8,0,2,0,0
2024/25,4/13/2025,Wolves,Tottenham,4,2,H,2,0,H,13,11,5,4,1,4,12,15,1,2,0,0
2024/25,4/13/2025,Newcastle,Man United,4,1,H,1,1,D,13,9,6,5,7,2,7,9,0,2,0,0
2024/25,4/14/2025,Bournemouth,Fulham,1,0,H,1,0,H,12,12,3,7,6,9,11,10,3,2,0,0
2024/25,4/16/2025,Newcastle,Crystal Palace,5,0,H,4,0,H,14,11,7,4,5,4,9,15,2,3,0,0
2024/25,4/19/2025,Brentford,Brighton,4,2,H,1,1,D,16,12,8,3,4,8,7,11,3,3,0,1
2024/25,4/19/2025,Crystal Palace,Bournemouth,0,0,D,0,0,D,5,15,0,4,5,4,13,10,3,4,1,0
2024/25,4/19/2025,Everton,Man City,0,2,A,0,0,D,8,12,3,7,2,5,7,6,4,0,0,0
2024/25,4/19/2025,West Ham,Southampton,1,1,D,0,0,D,12,15,4,4,2,5,14,13,2,1,0,0
2024/25,4/19/2025,Aston Villa,Newcastle,4,1,H,1,1,D,23,10,9,3,7,7,9,12,1,3,0,0
2024/25,4/20/2025,Fulham,Chelsea,1,2,A,1,0,H,6,13,1,8,6,4,13,9,1,3,0,0
2024/25,4/20/2025,Ipswich,Arsenal,0,4,A,0,2,A,4,24,0,7,0,12,10,7,0,0,1,0
2024/25,4/20/2025,Man United,Wolves,0,1,A,0,0,D,12,4,2,2,9,2,11,18,2,3,0,0
2024/25,4/20/2025,Leicester,Liverpool,0,1,A,0,0,D,5,28,0,10,1,13,11,7,1,2,0,0
2024/25,4/21/2025,Tottenham,Nott'm Forest,1,2,A,0,2,A,22,4,6,3,7,1,11,12,1,4,0,0
2024/25,4/22/2025,Man City,Aston Villa,2,1,H,1,1,D,14,7,6,3,10,2,9,10,3,3,0,0
2024/25,4/23/2025,Arsenal,Crystal Palace,2,2,D,2,1,H,12,15,6,4,3,6,4,6,1,1,0,0
2024/25,4/26/2025,Chelsea,Everton,1,0,H,1,0,H,10,6,7,3,10,2,11,11,0,0,0,0
2024/25,4/26/2025,Brighton,West Ham,3,2,H,1,0,H,16,12,9,4,8,1,7,9,1,1,0,0
2024/25,4/26/2025,Newcastle,Ipswich,3,0,H,1,0,H,25,4,5,0,11,2,9,9,1,2,0,1
2024/25,4/26/2025,Southampton,Fulham,1,2,A,1,0,H,7,26,3,5,0,13,10,12,1,1,0,0
2024/25,4/26/2025,Wolves,Leicester,3,0,H,1,0,H,20,8,6,2,4,2,7,17,1,4,0,0
2024/25,4/27/2025,Bournemouth,Man United,1,1,D,1,0,H,8,25,1,6,5,10,11,12,4,2,1,0
2024/25,4/27/2025,Liverpool,Tottenham,5,1,H,3,1,H,25,8,8,3,8,2,16,9,2,1,0,0
2024/25,5/1/2025,Nott'm Forest,Brentford,0,2,A,0,1,A,14,11,5,3,4,5,10,12,3,5,0,0
2024/25,5/2/2025,Man City,Wolves,1,0,H,1,0,H,9,6,2,1,4,5,7,11,0,0,0,0
2024/25,5/3/2025,Aston Villa,Fulham,1,0,H,1,0,H,10,11,3,3,5,3,6,17,0,5,0,0
2024/25,5/3/2025,Everton,Ipswich,2,2,D,2,1,H,8,12,3,5,3,3,12,15,4,4,0,0
2024/25,5/3/2025,Leicester,Southampton,2,0,H,2,0,H,14,8,4,2,7,7,12,13,1,3,0,0
2024/25,5/3/2025,Arsenal,Bournemouth,1,2,A,1,0,H,13,9,4,2,2,3,7,16,0,2,0,0
2024/25,5/4/2025,Brentford,Man United,4,3,H,2,1,H,12,14,6,5,7,4,8,10,0,2,0,0
2024/25,5/4/2025,Brighton,Newcastle,1,1,D,1,0,H,5,13,2,5,1,4,15,10,2,1,0,0
2024/25,5/4/2025,West Ham,Tottenham,1,1,D,1,1,D,11,7,2,2,1,3,18,15,2,2,0,0
2024/25,5/4/2025,Chelsea,Liverpool,3,1,H,1,0,H,17,11,7,2,3,6,10,11,2,2,0,0
2024/25,5/5/2025,Crystal Palace,Nott'm Forest,1,1,D,0,0,D,20,12,3,4,7,4,9,15,3,8,0,0
